115/03/10  優良廠商資料,Unnamed: 1,Unnamed: 2,Unnamed: 3,Unnamed: 4,Unnamed: 5,Unnamed: 6,Unnamed: 7,Unnamed: 8,Unnamed: 9,Unnamed: 10,Unnamed: 11,Unnamed: 12,Unnamed: 13
廠商代碼,廠商名稱,廠商地址,刊登機關代碼,刊登機關名稱,機關地址,聯絡人,聯絡人電話,聯絡人電子郵件信箱,評優良廠商依據之規定,獎勵起始日期,獎勵終止日期,通知主管機關文號,備註
60575401,聖大營造股份有限公司,南投縣草屯鎮中興路386號,3.60,行政院公共工程委員會,臺北市信義區松仁路3號9樓,楊其融,(02)87897008#7008,1547@mail.pcc.gov.tw,公共工程金質獎頒發作業要點,115/01/01,116/12/31,本會第1140300937號簽,第25屆公共工程金質獎「公共工程品質優良獎」 特優工程，公告日起獎勵2年。
22270392,協誠營造股份有限公司,臺中市西屯區文心路三段241號5F之6,3.60,行政院公共工程委員會,臺北市信義區松仁路3號9樓,楊其融,(02)87897008#7008,1547@mail.pcc.gov.tw,公共工程金質獎頒發作業要點,115/01/01,116/12/31,本會第1140300937號簽,第25屆公共工程金質獎「公共工程品質優良獎」優等工程，公告日起獎勵2年。
22220892,劦盛工程顧問有限公司,臺中市北區忠明路424號6F之2,3.60,行政院公共工程委員會,臺北市信義區松仁路3號9樓,楊其融,(02)87897008#7008,1547@mail.pcc.gov.tw,公共工程金質獎頒發作業要點,115/01/01,116/12/31,本會第1140300937號簽,第25屆公共工程金質獎「公共工程品質優良獎」優等工程，公告日起獎勵2年。
28044036,見安營造股份有限公司,臺中市北區五權路375號9樓,3.60,行政院公共工程委員會,臺北市信義區松仁路3號9樓,楊其融,(02)87897008#7008,1547@mail.pcc.gov.tw,公共工程金質獎頒發作業要點,115/01/01,116/12/31,本會第1140300937號簽,第25屆公共工程金質獎「公共工程品質優良獎」優等工程，公告日起獎勵2年。
17709062,吳嘉栩建築師事務所,臺中市北區五權路190號10樓之1,3.60,行政院公共工程委員會,臺北市信義區松仁路3號9樓,楊其融,(02)87897008#7008,1547@mail.pcc.gov.tw,公共工程金質獎頒發作業要點,115/01/01,116/12/31,本會第1140300937號簽,第25屆公共工程金質獎「公共工程品質優良獎」優等工程，公告日起獎勵2年。
84869497,松青營造有限公司,新北市板橋區新海路150號2樓之3,3.60,行政院公共工程委員會,臺北市信義區松仁路3號9樓,楊其融,(02)87897008#7008,1547@mail.pcc.gov.tw,公共工程金質獎頒發作業要點,115/01/01,116/12/31,本會第1140300937號簽,第25屆公共工程金質獎「公共工程品質優良獎」優等工程，公告日起獎勵2年。
16266074,傑瀚營造有限公司,桃園市桃園區大興西路二段61號18樓,3.60,行政院公共工程委員會,臺北市信義區松仁路3號9樓,楊其融,(02)87897008#7008,1547@mail.pcc.gov.tw,公共工程金質獎頒發作業要點,115/01/01,116/12/31,本會第1140300937號簽,第25屆公共工程金質獎「公共工程品質優良獎」優等工程，公告日起獎勵2年。
86699639,九品股份有限公司,新北市中和區中山路2段380巷16號,3.60,行政院公共工程委員會,臺北市信義區松仁路3號9樓,楊其融,(02)87897008#7008,1547@mail.pcc.gov.tw,公共工程金質獎頒發作業要點,115/01/01,116/12/31,本會第1140300937號簽,第25屆公共工程金質獎「公共工程品質優良獎」優等工程，公告日起獎勵2年。
53924734,安笙工程顧問有限公司,臺北市中山區復興北路502號5樓之1,3.60,行政院公共工程委員會,臺北市信義區松仁路3號9樓,楊其融,(02)87897008#7008,1547@mail.pcc.gov.tw,公共工程金質獎頒發作業要點,115/01/01,116/12/31,本會第1140300937號簽,第25屆公共工程金質獎「公共工程品質優良獎」優等工程，公告日起獎勵2年。
18997007,達欣工程股份有限公司,臺北市大安區敦化南路二段92號9樓,3.60,行政院公共工程委員會,臺北市信義區松仁路3號9樓,楊其融,(02)87897008#7008,1547@mail.pcc.gov.tw,公共工程金質獎頒發作業要點,115/01/01,116/12/31,本會第1140300937號簽,第25屆公共工程金質獎「公共工程品質優良獎」優等工程，公告日起獎勵2年。
33020007,大陸工程股份有限公司,臺北市大安區敦化南路二段95號,3.60,行政院公共工程委員會,臺北市信義區松仁路3號9樓,楊其融,(02)87897008#7008,1547@mail.pcc.gov.tw,公共工程金質獎頒發作業要點,115/01/01,116/12/31,本會第1140300937號簽,第25屆公共工程金質獎「公共工程品質優良獎」優等工程，公告日起獎勵2年。
77535283,台北國際聯合建築師事務所,臺北市松山區復興北路311號10樓,3.60,行政院公共工程委員會,臺北市信義區松仁路3號9樓,楊其融,(02)87897008#7008,1547@mail.pcc.gov.tw,公共工程金質獎頒發作業要點,115/01/01,116/12/31,本會第1140300937號簽,第25屆公共工程金質獎「公共工程品質優良獎」優等工程，公告日起獎勵2年。
29203927,闕河彬建築師事務所,臺北市內湖區新湖二路50號3樓,3.60,行政院公共工程委員會,臺北市信義區松仁路3號9樓,楊其融,(02)87897008#7008,1547@mail.pcc.gov.tw,公共工程金質獎頒發作業要點,115/01/01,116/12/31,本會第1140300937號簽,第25屆公共工程金質獎「公共工程品質優良獎」優等工程，公告日起獎勵2年。
21102398,薛昭信建築師事務所,臺北市松山區南京東路四段75號11樓,3.60,行政院公共工程委員會,臺北市信義區松仁路3號9樓,楊其融,(02)87897008#7008,1547@mail.pcc.gov.tw,公共工程金質獎頒發作業要點,115/01/01,116/12/31,本會第1140300937號簽,第25屆公共工程金質獎「公共工程品質優良獎」優等工程，公告日起獎勵2年。
53429397,富士山營造有限公司,新北市汐止區民族二街5巷8號,3.60,行政院公共工程委員會,臺北市信義區松仁路3號9樓,楊其融,(02)87897008#7008,1547@mail.pcc.gov.tw,公共工程金質獎頒發作業要點,115/01/01,116/12/31,本會第1140300937號簽,第25屆公共工程金質獎「公共工程品質優良獎」優等工程，公告日起獎勵2年。
54275552,開巨技術顧問有限公司,新北市中和區景平路268號26樓之1,3.60,行政院公共工程委員會,臺北市信義區松仁路3號9樓,楊其融,(02)87897008#7008,1547@mail.pcc.gov.tw,公共工程金質獎頒發作業要點,115/01/01,116/12/31,本會第1140300937號簽,第25屆公共工程金質獎「公共工程品質優良獎」優等工程，公告日起獎勵2年。
24271208,浲州營造工程有限公司,嘉義縣布袋鎮新北路59號,3.60,行政院公共工程委員會,臺北市信義區松仁路3號9樓,楊其融,(02)87897008#7008,1547@mail.pcc.gov.tw,公共工程金質獎頒發作業要點,115/01/01,116/12/31,本會第1140300937號簽,第25屆公共工程金質獎「公共工程品質優良獎」優等工程，公告日起獎勵2年。
90406810,寰衡有限公司,嘉義市西區保福里興達路500號2樓,3.60,行政院公共工程委員會,臺北市信義區松仁路3號9樓,楊其融,(02)87897008#7008,1547@mail.pcc.gov.tw,公共工程金質獎頒發作業要點,115/01/01,116/12/31,本會第1140300937號簽,第25屆公共工程金質獎「公共工程品質優良獎」優等工程，公告日起獎勵2年。
23393386,田茂營造事業有限公司,宜蘭縣羅東鎮西安里純精路一段27號1樓,3.60,行政院公共工程委員會,臺北市信義區松仁路3號9樓,楊其融,(02)87897008#7008,1547@mail.pcc.gov.tw,公共工程金質獎頒發作業要點,115/01/01,116/12/31,本會第1140300937號簽,第25屆公共工程金質獎「公共工程品質優良獎」優等工程，公告日起獎勵2年。
28961160,邑菖工程顧問有限公司,新北市永和區保生路2號19樓,3.60,行政院公共工程委員會,臺北市信義區松仁路3號9樓,楊其融,(02)87897008#7008,1547@mail.pcc.gov.tw,公共工程金質獎頒發作業要點,115/01/01,116/12/31,本會第1140300937號簽,第25屆公共工程金質獎「公共工程品質優良獎」優等工程，公告日起獎勵2年。
54747005,睿泰工程顧問有限公司,臺中市南屯區五權西路二段131號六樓之2,3.60,行政院公共工程委員會,臺北市信義區松仁路3號9樓,楊其融,(02)87897008#7008,1547@mail.pcc.gov.tw,公共工程金質獎頒發作業要點,115/01/01,116/12/31,本會第1140300937號簽,第25屆公共工程金質獎「公共工程品質優良獎」優等工程，公告日起獎勵2年。
94804902,松東營造股份有限公司,雲林縣水林鄉水南村埔尾路33-2號1樓,3.60,行政院公共工程委員會,臺北市信義區松仁路3號9樓,楊其融,(02)87897008#7008,1547@mail.pcc.gov.tw,公共工程金質獎頒發作業要點,115/01/01,116/12/31,本會第1140300937號簽,第25屆公共工程金質獎「公共工程品質優良獎」優等工程，公告日起獎勵2年。
70728594,來永營造有限公司,南投縣魚池鄉東池村文武巷18之8號,3.60,行政院公共工程委員會,臺北市信義區松仁路3號9樓,楊其融,(02)87897008#7008,1547@mail.pcc.gov.tw,公共工程金質獎頒發作業要點,115/01/01,116/12/31,本會第1140300937號簽,第25屆公共工程金質獎「公共工程品質優良獎」優等工程，公告日起獎勵2年。
53985696,鼎晟工程顧問有限公司,臺中市烏日區三榮路一段171號,3.60,行政院公共工程委員會,臺北市信義區松仁路3號9樓,楊其融,(02)87897008#7008,1547@mail.pcc.gov.tw,公共工程金質獎頒發作業要點,115/01/01,116/12/31,本會第1140300937號簽,第25屆公共工程金質獎「公共工程品質優良獎」優等工程，公告日起獎勵2年。
54817249,勇翔營造有限公司,新竹縣寶山鄉雙園路二段323號,3.60,行政院公共工程委員會,臺北市信義區松仁路3號9樓,楊其融,(02)87897008#7008,1547@mail.pcc.gov.tw,公共工程金質獎頒發作業要點,115/01/01,116/12/31,本會第1140300937號簽,第25屆公共工程金質獎「公共工程品質優良獎」優等工程，公告日起獎勵2年。
85892495,瑞鋒營造股份有限公司,高雄市左營區富國路185號,3.60,行政院公共工程委員會,臺北市信義區松仁路3號9樓,楊其融,(02)87897008#7008,1547@mail.pcc.gov.tw,公共工程金質獎頒發作業要點,115/01/01,116/12/31,本會第1140300937號簽,第25屆公共工程金質獎「公共工程品質優良獎」優等工程，公告日起獎勵2年。
13057666,亞際工程技術顧問有限公司,臺中市大里區國光路二段252號一樓,3.60,行政院公共工程委員會,臺北市信義區松仁路3號9樓,楊其融,(02)87897008#7008,1547@mail.pcc.gov.tw,公共工程金質獎頒發作業要點,115/01/01,116/12/31,本會第1140300937號簽,第25屆公共工程金質獎「公共工程品質優良獎」優等工程，公告日起獎勵2年。
55882442,佶鼎營造有限公司,彰化縣溪州鄉俊仁路10號一樓,3.60,行政院公共工程委員會,臺北市信義區松仁路3號9樓,楊其融,(02)87897008#7008,1547@mail.pcc.gov.tw,公共工程金質獎頒發作業要點,115/01/01,116/12/31,本會第1140300937號簽,第25屆公共工程金質獎「公共工程品質優良獎」優等工程，公告日起獎勵2年。
83362062,鉅耀工程顧問股份有限公司,臺中市西屯區西屯路二段256巷6號十一樓之2,3.60,行政院公共工程委員會,臺北市信義區松仁路3號9樓,楊其融,(02)87897008#7008,1547@mail.pcc.gov.tw,公共工程金質獎頒發作業要點,115/01/01,116/12/31,本會第1140300937號簽,第25屆公共工程金質獎「公共工程品質優良獎」優等工程，公告日起獎勵2年。
04132192,許常吉建築師事務所,臺北市南港區八德路四段768巷3號2樓之1,3.60,行政院公共工程委員會,臺北市信義區松仁路3號9樓,楊其融,(02)87897008#7008,1547@mail.pcc.gov.tw,公共工程金質獎頒發作業要點,115/01/01,116/12/31,本會第1140300937號簽,第25屆公共工程金質獎「公共工程品質優良獎」優等工程，公告日起獎勵2年。
13533129,鑄力聯合建築師事務所,臺北市中山區八德路二段308號10樓,3.60,行政院公共工程委員會,臺北市信義區松仁路3號9樓,楊其融,(02)87897008#7008,1547@mail.pcc.gov.tw,公共工程金質獎頒發作業要點,115/01/01,116/12/31,本會第1140300937號簽,第25屆公共工程金質獎「公共工程品質優良獎」優等工程，公告日起獎勵2年。
54611350,上鋌營造股份有限公司,高雄市大社區嘉保路360號,3.60,行政院公共工程委員會,臺北市信義區松仁路3號9樓,楊其融,(02)87897008#7008,1547@mail.pcc.gov.tw,公共工程金質獎頒發作業要點,115/01/01,116/12/31,本會第1140300937號簽,第25屆公共工程金質獎「公共工程品質優良獎」優等工程，公告日起獎勵2年。
22428605,宇泰工程顧問有限公司,臺北市松山區南京東路5段145之1號12樓,3.60,行政院公共工程委員會,臺北市信義區松仁路3號9樓,楊其融,(02)87897008#7008,1547@mail.pcc.gov.tw,公共工程金質獎頒發作業要點,115/01/01,116/12/31,本會第1140300937號簽,第25屆公共工程金質獎「公共工程品質優良獎」優等工程，公告日起獎勵2年。
90292387,信運工程顧問有限公司,高雄市鳳山區勝利路73號,3.60,行政院公共工程委員會,臺北市信義區松仁路3號9樓,楊其融,(02)87897008#7008,1547@mail.pcc.gov.tw,公共工程金質獎頒發作業要點,115/01/01,116/12/31,本會第1140300937號簽,第25屆公共工程金質獎「公共工程品質優良獎」優等工程，公告日起獎勵2年。
16412099,堃成營造股份有限公司,臺中市西屯區文心路三段241號4樓之6,3.60,行政院公共工程委員會,臺北市信義區松仁路3號9樓,楊其融,(02)87897008#7008,1547@mail.pcc.gov.tw,公共工程金質獎頒發作業要點,115/01/01,116/12/31,本會第1140300937號簽,第25屆公共工程金質獎「公共工程品質優良獎」優等工程，公告日起獎勵2年。
80077418,源隆技術顧問有限公司,雲林縣斗六市大同路300之17號1樓,3.60,行政院公共工程委員會,臺北市信義區松仁路3號9樓,楊其融,(02)87897008#7008,1547@mail.pcc.gov.tw,公共工程金質獎頒發作業要點,115/01/01,116/12/31,本會第1140300937號簽,第25屆公共工程金質獎「公共工程品質優良獎」優等工程，公告日起獎勵2年。
97586963,黎明工程顧問股份有限公司,臺中市南屯區大墩十七街137號3樓,3.60,行政院公共工程委員會,臺北市信義區松仁路3號9樓,楊其融,(02)87897008#7008,1547@mail.pcc.gov.tw,公共工程金質獎頒發作業要點,115/01/01,116/12/31,本會第1140300937號簽,第25屆公共工程金質獎「公共工程品質優良獎」優等工程，公告日起獎勵2年。
22705087,承隆能源科技股份有限公司,臺北市內湖區瑞光路258巷2號10樓之4,3.60,行政院公共工程委員會,臺北市信義區松仁路3號9樓,楊其融,(02)87897008#7008,1547@mail.pcc.gov.tw,公共工程金質獎頒發作業要點,115/01/01,116/12/31,本會第1140300937號簽,第25屆公共工程金質獎「公共工程品質優良獎」優等工程，公告日起獎勵2年。
79994734,鑫豐營造有限公司,高雄市燕巢區瓊林里瓊林路101號1樓,3.60,行政院公共工程委員會,臺北市信義區松仁路3號9樓,楊其融,(02)87897008#7008,1547@mail.pcc.gov.tw,公共工程金質獎頒發作業要點,115/01/01,116/12/31,本會第1140300937號簽,第25屆公共工程金質獎「公共工程品質優良獎」優等工程，公告日起獎勵2年。
28159281,黃苑景觀設計顧問有限公司,高雄市三民區裕誠路 62-5 號 6 樓,3.60,行政院公共工程委員會,臺北市信義區松仁路3號9樓,楊其融,(02)87897008#7008,1547@mail.pcc.gov.tw,公共工程金質獎頒發作業要點,115/01/01,116/12/31,本會第1140300937號簽,第25屆公共工程金質獎「公共工程品質優良獎」優等工程，公告日起獎勵2年。
90424465,日商傑富意工程技術股份有限公司台灣分公司,桃園市觀音區白玉三路26-1號,3.60,行政院公共工程委員會,臺北市信義區松仁路3號9樓,楊其融,(02)87897008#7008,1547@mail.pcc.gov.tw,公共工程金質獎頒發作業要點,115/01/01,116/12/31,本會第1140300937號簽,第25屆公共工程金質獎「公共工程品質優良獎」優等工程，公告日起獎勵2年。
94750878,順風營造有限公司,花蓮縣花蓮市國裕里富吉路83號,3.60,行政院公共工程委員會,臺北市信義區松仁路3號9樓,楊其融,(02)87897008#7008,1547@mail.pcc.gov.tw,公共工程金質獎頒發作業要點,115/01/01,116/12/31,本會第1140300937號簽,第25屆公共工程金質獎「公共工程品質優良獎」優等工程，公告日起獎勵2年。
54040253,都市里人規劃設計有限公司,臺北市大安區忠孝東路四段320號4樓,3.60,行政院公共工程委員會,臺北市信義區松仁路3號9樓,楊其融,(02)87897008#7008,1547@mail.pcc.gov.tw,公共工程金質獎頒發作業要點,115/01/01,116/12/31,本會第1140300937號簽,第25屆公共工程金質獎「公共工程品質優良獎」優等工程，公告日起獎勵2年。
28621901,俊鼎機械廠股份有限公司,高雄市大社區興工路5號,3.60,行政院公共工程委員會,臺北市信義區松仁路3號9樓,楊其融,(02)87897008#7008,1547@mail.pcc.gov.tw,公共工程金質獎頒發作業要點,115/01/01,116/12/31,本會第1140300937號簽,第25屆公共工程金質獎「公共工程品質優良獎」優等工程，公告日起獎勵2年。
20817282,中鼎工程股份有限公司,臺北市士林區中山北路六段89號,3.60,行政院公共工程委員會,臺北市信義區松仁路3號9樓,楊其融,(02)87897008#7008,1547@mail.pcc.gov.tw,公共工程金質獎頒發作業要點,115/01/01,116/12/31,本會第1140300937號簽,第25屆公共工程金質獎「公共工程品質優良獎」優等工程，公告日起獎勵2年。
42965639,馬來西亞商金務大工程股份有限公司台灣分公司,臺北市信義區市民大道6段288號8樓之7,3.60,行政院公共工程委員會,臺北市信義區松仁路3號9樓,楊其融,(02)87897008#7008,1547@mail.pcc.gov.tw,公共工程金質獎頒發作業要點,115/01/01,116/12/31,本會第1140300937號簽,第25屆公共工程金質獎「公共工程品質優良獎」優等工程，公告日起獎勵2年。
12533071,豐順營造股份有限公司,臺北市中山區中山北路三段49號2樓之1,3.60,行政院公共工程委員會,臺北市信義區松仁路3號9樓,楊其融,(02)87897008#7008,1547@mail.pcc.gov.tw,公共工程金質獎頒發作業要點,115/01/01,116/12/31,本會第1140300937號簽,第25屆公共工程金質獎「公共工程品質優良獎」優等工程，公告日起獎勵2年。
84124259,中興工程顧問股份有限公司,臺北市松山區南京東路五段171號14樓,3.60,行政院公共工程委員會,臺北市信義區松仁路3號9樓,楊其融,(02)87897008#7008,1547@mail.pcc.gov.tw,公共工程金質獎頒發作業要點,115/01/01,116/12/31,本會第1140300937號簽,第25屆公共工程金質獎「公共工程品質優良獎」優等工程，公告日起獎勵2年。
66394146,潤弘精密工程事業股份有限公司,臺北市中山區八德路二段308號10樓,3.60,行政院公共工程委員會,臺北市信義區松仁路3號9樓,楊其融,(02)87897008#7008,1547@mail.pcc.gov.tw,公共工程金質獎頒發作業要點,115/01/01,116/12/31,本會第1140300937號簽,第25屆公共工程金質獎「公共工程品質優良獎」優等工程，公告日起獎勵2年。
97282032,星能股份有限公司,臺北市內湖區瑞光路480號12樓,3.60,行政院公共工程委員會,臺北市信義區松仁路3號9樓,楊其融,(02)87897008#7008,1547@mail.pcc.gov.tw,公共工程金質獎頒發作業要點,115/01/01,116/12/31,本會第1140300937號簽,第25屆公共工程金質獎「公共工程品質優良獎」優等工程，公告日起獎勵2年。
28412550,台灣世曦工程顧問股份有限公司,臺北市內湖區陽光街323號3樓,3.60,行政院公共工程委員會,臺北市信義區松仁路3號9樓,楊其融,(02)87897008#7008,1547@mail.pcc.gov.tw,公共工程金質獎頒發作業要點,115/01/01,116/12/31,本會第1140300937號簽,第25屆公共工程金質獎「公共工程品質優良獎」優等工程，公告日起獎勵2年。
00967656,張仲怡建築師事務所,臺北市大安區忠孝東路四段181巷42號2樓,3.60,行政院公共工程委員會,臺北市信義區松仁路3號9樓,楊其融,(02)87897008#7008,1547@mail.pcc.gov.tw,公共工程金質獎頒發作業要點,115/01/01,116/12/31,本會第1140300937號簽,第25屆公共工程金質獎「公共工程品質優良獎」優等工程，公告日起獎勵2年。
80037015,雄風工程顧問有限公司,臺中市西屯區寶慶街31號1樓,3.60,行政院公共工程委員會,臺北市信義區松仁路3號9樓,楊其融,(02)87897008#7008,1547@mail.pcc.gov.tw,公共工程金質獎頒發作業要點,115/01/01,116/12/31,本會第1140300937號簽,第25屆公共工程金質獎「公共工程品質優良獎」優等工程，公告日起獎勵2年。
53130312,鼎擴工程有限公司,臺中市西屯區大鵬里文心路三段219號5樓之1,3.60,行政院公共工程委員會,臺北市信義區松仁路3號9樓,楊其融,(02)87897008#7008,1547@mail.pcc.gov.tw,公共工程金質獎頒發作業要點,115/01/01,116/12/31,本會第1140300937號簽,第25屆公共工程金質獎「公共工程品質優良獎」優等工程，公告日起獎勵2年。
84809230,鼎旺營造股份有限公司,臺中市北屯區太和路二段93號2樓,3.60,行政院公共工程委員會,臺北市信義區松仁路3號9樓,楊其融,(02)87897008#7008,1547@mail.pcc.gov.tw,公共工程金質獎頒發作業要點,115/01/01,116/12/31,本會第1140300937號簽,第25屆公共工程金質獎「公共工程品質優良獎」優等工程，公告日起獎勵2年。
26321132,徐佳楢建築師事務所,新北市永和區保生路2號16樓之1,3.60,行政院公共工程委員會,臺北市信義區松仁路3號9樓,楊其融,(02)87897008#7008,1547@mail.pcc.gov.tw,公共工程金質獎頒發作業要點,115/01/01,116/12/31,本會第1140300937號簽,第25屆公共工程金質獎「公共工程品質優良獎」優等工程，公告日起獎勵2年。
23145632,帆宣系統科技股份有限公司,臺北市南港區園區街3-2號6F,3.60,行政院公共工程委員會,臺北市信義區松仁路3號9樓,楊其融,(02)87897008#7008,1547@mail.pcc.gov.tw,公共工程金質獎頒發作業要點,115/01/01,116/12/31,本會第1140300937號簽,第25屆公共工程金質獎「公共工程品質優良獎」 特優工程，公告日起獎勵2年。
34342717,皇昌營造股份有限公司,臺北市內湖區潭美街539號23樓,3.60,行政院公共工程委員會,臺北市信義區松仁路3號9樓,楊其融,(02)87897008#7008,1547@mail.pcc.gov.tw,公共工程金質獎頒發作業要點,115/01/01,116/12/31,本會第1140300937號簽,第25屆公共工程金質獎「公共工程品質優良獎」 特優工程，公告日起獎勵2年。
04803543,上水股份有限公司,臺北市中山區德惠街16之5號7樓,3.60,行政院公共工程委員會,臺北市信義區松仁路3號9樓,楊其融,(02)87897008#7008,1547@mail.pcc.gov.tw,公共工程金質獎頒發作業要點,115/01/01,116/12/31,本會第1140300937號簽,第25屆公共工程金質獎「公共設施維護管理獎」優等設施，公告日起獎勵2年。
84874956,群輝營造工程有限公司,嘉義市西區興達路278號,3.60,行政院公共工程委員會,臺北市信義區松仁路3號9樓,楊其融,(02)87897008#7008,1547@mail.pcc.gov.tw,公共工程金質獎頒發作業要點,115/01/01,116/12/31,本會第1140300937號簽,第25屆公共工程金質獎「公共設施維護管理獎」優等設施，公告日起獎勵2年。
23029824,青山工程顧問股份有限公司,臺北市南港區成功路一段32號八樓之6,3.60,行政院公共工程委員會,臺北市信義區松仁路3號9樓,楊其融,(02)87897008#7008,1547@mail.pcc.gov.tw,公共工程金質獎頒發作業要點,115/01/01,116/12/31,本會第1140300937號簽,第25屆公共工程金質獎「公共設施維護管理獎」優等設施，公告日起獎勵2年。
28412550,台灣世曦工程顧問股份有限公司,臺北市內湖區陽光街323號3樓,3.60,行政院公共工程委員會,臺北市信義區松仁路3號9樓,楊其融,(02)87897008#7008,1547@mail.pcc.gov.tw,公共工程金質獎頒發作業要點,115/01/01,116/12/31,本會第1140300937號簽,第25屆公共工程金質獎「公共設施維護管理獎」優等設施，公告日起獎勵2年。
27950876,中華電信股份有限公司企業客戶分公司,臺北市大安區信義路四段88號,3.60,行政院公共工程委員會,臺北市信義區松仁路3號9樓,楊其融,(02)87897008#7008,1547@mail.pcc.gov.tw,公共工程金質獎頒發作業要點,115/01/01,116/12/31,本會第1140300937號簽,第25屆公共工程金質獎「公共設施維護管理獎」優等設施，公告日起獎勵2年。
97586963,黎明工程顧問股份有限公司,臺中市南屯區大墩十七街137號3樓,3.60,行政院公共工程委員會,臺北市信義區松仁路3號9樓,楊其融,(02)87897008#7008,1547@mail.pcc.gov.tw,公共工程金質獎頒發作業要點,115/01/01,116/12/31,本會第1140300937號簽,第25屆公共工程金質獎「公共設施維護管理獎」優等設施，公告日起獎勵2年。
80218450,晉國工程顧問有限公司,臺中市北屯區文心路三段1023號5樓,3.60,行政院公共工程委員會,臺北市信義區松仁路3號9樓,楊其融,(02)87897008#7008,1547@mail.pcc.gov.tw,公共工程金質獎頒發作業要點,115/01/01,116/12/31,本會第1140300937號簽,第25屆公共工程金質獎「公共工程品質優良獎」 特優工程，公告日起獎勵2年。
84669483,總督營造股份有限公司,臺中市南屯區五權西路二段131號9樓之3,3.60,行政院公共工程委員會,臺北市信義區松仁路3號9樓,楊其融,(02)87897008#7008,1547@mail.pcc.gov.tw,公共工程金質獎頒發作業要點,115/01/01,116/12/31,本會第1140300937號簽,第25屆公共工程金質獎「公共工程品質優良獎」 特優工程，公告日起獎勵2年。
28782878,宥穎工程有限公司,臺中市北區臺灣大道二段360號7樓之2,3.60,行政院公共工程委員會,臺北市信義區松仁路3號9樓,楊其融,(02)87897008#7008,1547@mail.pcc.gov.tw,公共工程金質獎頒發作業要點,115/01/01,116/12/31,本會第1140300937號簽,第25屆公共工程金質獎「公共工程品質優良獎」 特優工程，公告日起獎勵2年。
55872697,大將作工業股份有限公司,臺中市北區臺灣大道二段360號22樓之1,3.60,行政院公共工程委員會,臺北市信義區松仁路3號9樓,楊其融,(02)87897008#7008,1547@mail.pcc.gov.tw,公共工程金質獎頒發作業要點,115/01/01,116/12/31,本會第1140300937號簽,第25屆公共工程金質獎「公共工程品質優良獎」 特優工程，公告日起獎勵2年。
86083681,翔益營造有限公司,新北市蘆洲區光華路162巷19號4樓,3.60,行政院公共工程委員會,臺北市信義區松仁路3號9樓,楊其融,(02)87897008#7008,1547@mail.pcc.gov.tw,公共工程金質獎頒發作業要點,115/01/01,116/12/31,本會第1140300937號簽,第25屆公共工程金質獎「公共工程品質優良獎」 特優工程，公告日起獎勵2年。
97586963,黎明工程顧問股份有限公司,臺中市南屯區大墩十七街137號3樓,3.60,行政院公共工程委員會,臺北市信義區松仁路3號9樓,楊其融,(02)87897008#7008,1547@mail.pcc.gov.tw,公共工程金質獎頒發作業要點,115/01/01,116/12/31,本會第1140300937號簽,第25屆公共工程金質獎「公共工程品質優良獎」 特優工程，公告日起獎勵2年。
14939652,王正源建築師事務所,新北市中和區中和路366號5樓之2,3.60,行政院公共工程委員會,臺北市信義區松仁路3號9樓,楊其融,(02)87897008#7008,1547@mail.pcc.gov.tw,公共工程金質獎頒發作業要點,115/01/01,116/12/31,本會第1140300937號簽,第25屆公共工程金質獎「公共工程品質優良獎」 特優工程，公告日起獎勵2年。
04723653,亞新工程顧問股份有限公司,新北市汐止區新台五路一段112號22樓,3.60,行政院公共工程委員會,臺北市信義區松仁路3號9樓,楊其融,(02)87897008#7008,1547@mail.pcc.gov.tw,公共工程金質獎頒發作業要點,115/01/01,116/12/31,本會第1140300937號簽,第25屆公共工程金質獎「公共工程品質優良獎」 特優工程，公告日起獎勵2年。
00990312,大林聯合建築師事務所,臺北市松山區南京東路五段108號9樓,3.60,行政院公共工程委員會,臺北市信義區松仁路3號9樓,楊其融,(02)87897008#7008,1547@mail.pcc.gov.tw,公共工程金質獎頒發作業要點,115/01/01,116/12/31,本會第1140300937號簽,第25屆公共工程金質獎「公共工程品質優良獎」 特優工程，公告日起獎勵2年。
29201076,陳章安建築師事務所,臺北市大安區敦化南路二段168號4樓,3.60,行政院公共工程委員會,臺北市信義區松仁路3號9樓,楊其融,(02)87897008#7008,1547@mail.pcc.gov.tw,公共工程金質獎頒發作業要點,115/01/01,116/12/31,本會第1140300937號簽,第25屆公共工程金質獎「公共工程品質優良獎」 特優工程，公告日起獎勵2年。
80077418,源隆技術顧問有限公司,雲林縣斗六市大同路300之17號1樓,3.60,行政院公共工程委員會,臺北市信義區松仁路3號9樓,楊其融,(02)87897008#7008,1547@mail.pcc.gov.tw,公共工程金質獎頒發作業要點,115/01/01,116/12/31,本會第1140300937號簽,第25屆公共工程金質獎「公共工程品質優良獎」 特優工程，公告日起獎勵2年。
54992843,裕民營造有限公司,嘉義市東區立仁路342之1號1樓,3.60,行政院公共工程委員會,臺北市信義區松仁路3號9樓,楊其融,(02)87897008#7008,1547@mail.pcc.gov.tw,公共工程金質獎頒發作業要點,115/01/01,116/12/31,本會第1140300937號簽,第25屆公共工程金質獎「公共工程品質優良獎」 特優工程，公告日起獎勵2年。
23364896,合隆發營造股份有限公司,雲林縣斗六市斗六二路243號1樓,3.60,行政院公共工程委員會,臺北市信義區松仁路3號9樓,楊其融,(02)87897008#7008,1547@mail.pcc.gov.tw,公共工程金質獎頒發作業要點,115/01/01,116/12/31,本會第1140300937號簽,第25屆公共工程金質獎「公共工程品質優良獎」 特優工程，公告日起獎勵2年。
17719478,吳嘉栩建築師事務所,臺中市北區五權路190號10樓之1,3.60,行政院公共工程委員會,臺北市信義區松仁路3號9樓,楊其融,(02)87897008#7008,1547@mail.pcc.gov.tw,公共工程金質獎頒發作業要點,115/01/01,116/12/31,本會第1140300937號簽,第25屆公共工程金質獎「公共工程品質優良獎」 特優工程，公告日起獎勵2年。
42093276,建山機械企業股份有限公司,宜蘭縣蘇澳鎮龍祥五路一號,3.60,行政院公共工程委員會,臺北市信義區松仁路3號9樓,楊其融,(02)87897008#7008,1547@mail.pcc.gov.tw,公共工程金質獎頒發作業要點,115/01/01,116/12/31,本會第1140300937號簽,第25屆公共工程金質獎「公共工程品質優良獎」 特優工程，公告日起獎勵2年。
03028404,工信工程股份有限公司,臺北市大安區市民大道四段102號8樓,3.60,行政院公共工程委員會,臺北市信義區松仁路3號9樓,楊其融,(02)87897008#7008,1547@mail.pcc.gov.tw,公共工程金質獎頒發作業要點,115/01/01,116/12/31,本會第1140300937號簽,第25屆公共工程金質獎「公共工程品質優良獎」 特優工程，公告日起獎勵2年。
84124259,中興工程顧問股份有限公司,臺北市松山區南京東路五段171號14樓,3.60,行政院公共工程委員會,臺北市信義區松仁路3號9樓,楊其融,(02)87897008#7008,1547@mail.pcc.gov.tw,公共工程金質獎頒發作業要點,115/01/01,116/12/31,本會第1140300937號簽,第25屆公共工程金質獎「公共工程品質優良獎」 特優工程，公告日起獎勵2年。
86579402,俊吉營造股份有限公司,臺北市大安區敦化南路二段216號21樓,3.60,行政院公共工程委員會,臺北市信義區松仁路3號9樓,楊其融,(02)87897008#7008,1547@mail.pcc.gov.tw,公共工程金質獎頒發作業要點,115/01/01,116/12/31,本會第1140300937號簽,第25屆公共工程金質獎「公共工程品質優良獎」 特優工程，公告日起獎勵2年。
28412550,台灣世曦工程顧問股份有限公司,臺北市內湖區陽光街323號3樓,3.60,行政院公共工程委員會,臺北市信義區松仁路3號9樓,楊其融,(02)87897008#7008,1547@mail.pcc.gov.tw,公共工程金質獎頒發作業要點,115/01/01,116/12/31,本會第1140300937號簽,第25屆公共工程金質獎「公共工程品質優良獎」 特優工程，公告日起獎勵2年。
89432348,聯聖工程顧問股份有限公司,臺中市西屯區文心路二段241號21樓,A.17,勞動部,新北市新莊區中平路439號南棟11樓,王光畇,(02)89956666#8300,bobo0956@osha.gov.tw,推動職業安全衛生優良工程金安獎選拔作業要點,114/11/14,116/11/13,勞職授字第1140254581號,114年度「推動職業安全衛生優良公共工程及人員選拔」
84669483,總督營造工程有限公司,臺中市南屯區大誠里五權西路二段131號9樓之3,A.17,勞動部,新北市新莊區中平路439號南棟11樓,王光畇,(02)89956666#8300,bobo0956@osha.gov.tw,推動職業安全衛生優良工程金安獎選拔作業要點,114/11/14,116/11/13,勞職授字第1140254581號,114年度「推動職業安全衛生優良公共工程及人員選拔」
28782878,宥穎工程有限公司,高雄市旗山區廣福里溪州大橋中興街口,A.17,勞動部,新北市新莊區中平路439號南棟11樓,王光畇,(02)89956666#8300,bobo0956@osha.gov.tw,推動職業安全衛生優良工程金安獎選拔作業要點,114/11/14,116/11/13,勞職授字第1140254581號,114年度「推動職業安全衛生優良公共工程及人員選拔」
97586963,黎明工程顧問股份有限公司,台中市南屯區大墩十七街137號3樓,A.17,勞動部,新北市新莊區中平路439號南棟11樓,王光畇,(02)89956666#8300,bobo0956@osha.gov.tw,推動職業安全衛生優良工程金安獎選拔作業要點,114/11/14,116/11/13,勞職授字第1140254581號,114年度「推動職業安全衛生優良公共工程及人員選拔」
12533071,豐順營造股份有限公司,台北市中山區圓山里中山北路三段49號2樓之1,A.17,勞動部,新北市新莊區中平路439號南棟11樓,王光畇,(02)89956666#8300,bobo0956@osha.gov.tw,推動職業安全衛生優良工程金安獎選拔作業要點,114/11/14,116/11/13,勞職授字第1140254581號,114年度「推動職業安全衛生優良公共工程及人員選拔」
80101310,新舜營造有限公司,臺南市新市區大洲段807-5地號,A.17,勞動部,新北市新莊區中平路439號南棟11樓,王光畇,(02)89956666#8300,bobo0956@osha.gov.tw,推動職業安全衛生優良工程金安獎選拔作業要點,114/11/14,116/11/13,勞職授字第1140254581號,114年度「推動職業安全衛生優良公共工程及人員選拔」
14058565,林同棪工程顧問股份有限公司,臺南市新市區大洲段 807-5地號,A.17,勞動部,新北市新莊區中平路439號南棟11樓,王光畇,(02)89956666#8300,bobo0956@osha.gov.tw,推動職業安全衛生優良工程金安獎選拔作業要點,114/11/14,116/11/13,勞職授字第1140254581號,114年度「推動職業安全衛生優良公共工程及人員選拔」
84790372,兆弘機電股份有限公司,台北市大安區復興南路二段293-3號4樓之2,A.17,勞動部,新北市新莊區中平路439號南棟11樓,王光畇,(02)89956666#8300,bobo0956@osha.gov.tw,推動職業安全衛生優良工程金安獎選拔作業要點,114/11/14,116/11/13,勞職授字第1140254581號,114年度「推動職業安全衛生優良公共工程及人員選拔」
22081688,豐譽聯合工程股份有限公司,新北市新店區民權路108-2號8 樓,A.17,勞動部,新北市新莊區中平路439號南棟11樓,王光畇,(02)89956666#8300,bobo0956@osha.gov.tw,推動職業安全衛生優良工程金安獎選拔作業要點,114/11/14,116/11/13,勞職授字第1140254581號,114年度「推動職業安全衛生優良公共工程及人員選拔」
34603418,喻台生建築師事務所,新北市永和區中和路345號13樓,A.17,勞動部,新北市新莊區中平路439號南棟11樓,王光畇,(02)89956666#8300,bobo0956@osha.gov.tw,推動職業安全衛生優良工程金安獎選拔作業要點,114/11/14,116/11/13,勞職授字第1140254581號,114年度「推動職業安全衛生優良公共工程及人員選拔」
18242493,潘正華建築師事務所,台北市中山區松江路139號3樓之5,A.17,勞動部,新北市新莊區中平路439號南棟11樓,王光畇,(02)89956666#8300,bobo0956@osha.gov.tw,推動職業安全衛生優良工程金安獎選拔作業要點,114/11/14,116/11/13,勞職授字第1140254581號,114年度「推動職業安全衛生優良公共工程及人員選拔」
85892495,瑞鋒營造股份有限公司,高雄市左營區富國路185號9樓之1,A.17,勞動部,新北市新莊區中平路439號南棟11樓,王光畇,(02)89956666#8300,bobo0956@osha.gov.tw,推動職業安全衛生優良工程金安獎選拔作業要點,114/11/14,116/11/13,勞職授字第1140254581號,114年度「推動職業安全衛生優良公共工程及人員選拔」
86375961,美商同棪國際工程顧問股份有限公司台灣分公司,臺北市大安區仁愛路3段136號芙蓉大廈12樓1203室,A.17,勞動部,新北市新莊區中平路439號南棟11樓,王光畇,(02)89956666#8300,bobo0956@osha.gov.tw,推動職業安全衛生優良工程金安獎選拔作業要點,114/11/14,116/11/13,勞職授字第1140254581號,114年度「推動職業安全衛生優良公共工程及人員選拔」
03028404,工信工程股份有限公司,台北市大安區市民大道4段102號8樓,A.17,勞動部,新北市新莊區中平路439號南棟11樓,王光畇,(02)89956666#8300,bobo0956@osha.gov.tw,推動職業安全衛生優良工程金安獎選拔作業要點,114/11/14,116/11/13,勞職授字第1140254581號,114年度「推動職業安全衛生優良公共工程及人員選拔」
84124259,中興工程顧問股份有限公司,台北市松山區南京東路五段171號14樓,A.17,勞動部,新北市新莊區中平路439號南棟11樓,王光畇,(02)89956666#8300,bobo0956@osha.gov.tw,推動職業安全衛生優良工程金安獎選拔作業要點,114/11/14,116/11/13,勞職授字第1140254581號,114年度「推動職業安全衛生優良公共工程及人員選拔」
53922264,揚盛工程顧問股份有限公司,台北市中山區農安街210號11樓,A.17,勞動部,新北市新莊區中平路439號南棟11樓,王光畇,(02)89956666#8300,bobo0956@osha.gov.tw,推動職業安全衛生優良工程金安獎選拔作業要點,114/11/14,116/11/13,勞職授字第1140254581號,114年度「推動職業安全衛生優良公共工程及人員選拔」
43206306,茂成建設股份有限公司,桃園市中壢區慈惠二街59號4樓,A.17,勞動部,新北市新莊區中平路439號南棟11樓,王光畇,(02)89956666#8300,bobo0956@osha.gov.tw,推動職業安全衛生優良工程金安獎選拔作業要點,114/11/14,116/11/13,勞職授字第1140254581號,114年度「推動職業安全衛生優良公共工程及人員選拔」
04723653,亞新工程顧問股份有限公司,新北市汐止區新台五路一段112號22樓(東方科學園區A棟),A.17,勞動部,新北市新莊區中平路439號南棟11樓,王光畇,(02)89956666#8300,bobo0956@osha.gov.tw,推動職業安全衛生優良工程金安獎選拔作業要點,114/11/14,116/11/13,勞職授字第1140254581號,114年度「推動職業安全衛生優良公共工程及人員選拔」
22810882,長達營造工程有限公司,嘉義縣水上鄉粗溪村20-189號1樓,A.17,勞動部,新北市新莊區中平路439號南棟11樓,王光畇,(02)89956666#8300,bobo0956@osha.gov.tw,推動職業安全衛生優良工程金安獎選拔作業要點,114/11/14,116/11/13,勞職授字第1140254581號,114年度「推動職業安全衛生優良公共工程及人員選拔」
16412099,堃成營造股份有限公司,台中市西屯區文心路三段241號4F-6,A.17,勞動部,新北市新莊區中平路439號南棟11樓,王光畇,(02)89956666#8300,bobo0956@osha.gov.tw,推動職業安全衛生優良工程金安獎選拔作業要點,114/11/14,116/11/13,勞職授字第1140254581號,114年度「推動職業安全衛生優良公共工程及人員選拔」
80077418,源隆技術顧問有限公司,雲林縣斗六市大同路300-17號,A.17,勞動部,新北市新莊區中平路439號南棟11樓,王光畇,(02)89956666#8300,bobo0956@osha.gov.tw,推動職業安全衛生優良工程金安獎選拔作業要點,114/11/14,116/11/13,勞職授字第1140254581號,114年度「推動職業安全衛生優良公共工程及人員選拔」
70697403,墩興營造有限公司,臺中市霧峰區峰谷路47號,A.17,勞動部,新北市新莊區中平路439號南棟11樓,王光畇,(02)89956666#8300,bobo0956@osha.gov.tw,推動職業安全衛生優良工程金安獎選拔作業要點,114/11/14,116/11/13,勞職授字第1140254581號,114年度「推動職業安全衛生優良公共工程及人員選拔」
05117325,遠揚營造工程股份有限公司 (Far Eastern General Contractor Inc.),臺北市大安區敦化南路二段267號5樓,3.15,交通部,臺北市中正區仁愛路一段50號,朱瑞傑,(02)23492185,jakechu@motc.gov.tw,金路獎實施要點,114/11/01,116/10/31,交通部114年10月16日交路字第11450120011號函,114年金路獎傑出工程類獲獎
28412550,台灣世曦工程顧問股份有限公司,台北市內湖區陽光街323號,3.60,行政院公共工程委員會,臺北市信義區松仁路3號9樓,李青蔚,(02)87897728#7728,wei@mail.pcc.gov.tw,公共工程金質獎頒發作業要點,114/01/01,115/12/31,本會第1130301156號簽,
24332486,台灣博特顧問股份有限公司,臺北市士林區天母東路8巷21號3樓之8,3.7,財政部,臺北市文山區羅斯福路6段142巷1號,林碧萱,(02)23227560,bslin@mail.mof.gov.tw,民間參與公共建設金擘獎頒發作業要點第3點,115/01/01,115/12/31,台財促字第11425537990號,第23屆民間參與公共建設金擘獎政府團隊獎優等案件之顧問機構
84596757,安鼎國際工程股份有限公司,臺南市安平區慶平路571號16F,3.60,行政院公共工程委員會,臺北市信義區松仁路3號9樓,楊其融,(02)87897008#7008,1547@mail.pcc.gov.tw,公共工程金質獎頒發作業要點,115/01/01,115/12/31,本會第1140300937號簽,第25屆公共工程金質獎「公共工程品質優良獎」 佳作工程，公告日起獎勵1年。
89569385,鼎創營造股份有限公司,臺南市安平區慶平路571號16F,3.60,行政院公共工程委員會,臺北市信義區松仁路3號9樓,楊其融,(02)87897008#7008,1547@mail.pcc.gov.tw,公共工程金質獎頒發作業要點,115/01/01,115/12/31,本會第1140300937號簽,第25屆公共工程金質獎「公共工程品質優良獎」 佳作工程，公告日起獎勵1年。
74813426,徐岩奇建築師事務所,臺南市北區西門路四段19巷31號,3.60,行政院公共工程委員會,臺北市信義區松仁路3號9樓,楊其融,(02)87897008#7008,1547@mail.pcc.gov.tw,公共工程金質獎頒發作業要點,115/01/01,115/12/31,本會第1140300937號簽,第25屆公共工程金質獎「公共工程品質優良獎」 佳作工程，公告日起獎勵1年。
94804902,松東營造股份有限公司,雲林縣水林鄉水南村埔尾路33-2號1樓,3.60,行政院公共工程委員會,臺北市信義區松仁路3號9樓,楊其融,(02)87897008#7008,1547@mail.pcc.gov.tw,公共工程金質獎頒發作業要點,115/01/01,115/12/31,本會第1140300937號簽,第25屆公共工程金質獎「公共工程品質優良獎」 佳作工程，公告日起獎勵1年。
85975087,聯鋼營造工程股份有限公司,高雄市新興區中正三路88號8樓之1至4,3.60,行政院公共工程委員會,臺北市信義區松仁路3號9樓,楊其融,(02)87897008#7008,1547@mail.pcc.gov.tw,公共工程金質獎頒發作業要點,115/01/01,115/12/31,本會第1140300937號簽,第25屆公共工程金質獎「公共工程品質優良獎」 佳作工程，公告日起獎勵1年。
85848999,陳信樟建築師事務所,臺北市中正區仁愛路二段1號9F,3.60,行政院公共工程委員會,臺北市信義區松仁路3號9樓,楊其融,(02)87897008#7008,1547@mail.pcc.gov.tw,公共工程金質獎頒發作業要點,115/01/01,115/12/31,本會第1140300937號簽,第25屆公共工程金質獎「公共工程品質優良獎」 佳作工程，公告日起獎勵1年。
23906409,台聯工程顧問股份有限公司,臺北市內湖區民權東路6段23號7樓之2,3.60,行政院公共工程委員會,臺北市信義區松仁路3號9樓,楊其融,(02)87897008#7008,1547@mail.pcc.gov.tw,公共工程金質獎頒發作業要點,115/01/01,115/12/31,本會第1140300937號簽,第25屆公共工程金質獎「公共工程品質優良獎」 佳作工程，公告日起獎勵1年。
20083197,金石聯合建築師事務所,臺北市大安區仁愛路四段37號A座10樓,3.60,行政院公共工程委員會,臺北市信義區松仁路3號9樓,楊其融,(02)87897008#7008,1547@mail.pcc.gov.tw,公共工程金質獎頒發作業要點,115/01/01,115/12/31,本會第1140300937號簽,第25屆公共工程金質獎「公共工程品質優良獎」 佳作工程，公告日起獎勵1年。
94158828,起辰營造股份有限公司,新北市中和區莒光路125號2樓,3.60,行政院公共工程委員會,臺北市信義區松仁路3號9樓,楊其融,(02)87897008#7008,1547@mail.pcc.gov.tw,公共工程金質獎頒發作業要點,115/01/01,115/12/31,本會第1140300937號簽,第25屆公共工程金質獎「公共工程品質優良獎」 佳作工程，公告日起獎勵1年。
16373482,杜風工程服務股份有限公司,新北市淡水區中正東路2段27之7號17樓,3.60,行政院公共工程委員會,臺北市信義區松仁路3號9樓,楊其融,(02)87897008#7008,1547@mail.pcc.gov.tw,公共工程金質獎頒發作業要點,115/01/01,115/12/31,本會第1140300937號簽,第25屆公共工程金質獎「公共工程品質優良獎」 佳作工程，公告日起獎勵1年。
28722892,和建工程顧問股份有限公司,新北市三重區溪尾街92號7樓,3.60,行政院公共工程委員會,臺北市信義區松仁路3號9樓,楊其融,(02)87897008#7008,1547@mail.pcc.gov.tw,公共工程金質獎頒發作業要點,115/01/01,115/12/31,本會第1140300937號簽,第25屆公共工程金質獎「公共工程品質優良獎」 佳作工程，公告日起獎勵1年。
84869497,松青營造有限公司,新北市板橋區新海路150號2樓之3,3.60,行政院公共工程委員會,臺北市信義區松仁路3號9樓,楊其融,(02)87897008#7008,1547@mail.pcc.gov.tw,公共工程金質獎頒發作業要點,115/01/01,115/12/31,本會第1140300937號簽,第25屆公共工程金質獎「公共工程品質優良獎」 佳作工程，公告日起獎勵1年。
12675697,禾拓規劃設計顧問有限公司,臺北市中山區長安東路一段36號6樓,3.60,行政院公共工程委員會,臺北市信義區松仁路3號9樓,楊其融,(02)87897008#7008,1547@mail.pcc.gov.tw,公共工程金質獎頒發作業要點,115/01/01,115/12/31,本會第1140300937號簽,第25屆公共工程金質獎「公共工程品質優良獎」 佳作工程，公告日起獎勵1年。
64901625,逢國營造有限公司,新北市三芝區中正路二段39號1樓,3.60,行政院公共工程委員會,臺北市信義區松仁路3號9樓,楊其融,(02)87897008#7008,1547@mail.pcc.gov.tw,公共工程金質獎頒發作業要點,115/01/01,115/12/31,本會第1140300937號簽,第25屆公共工程金質獎「公共工程品質優良獎」 佳作工程，公告日起獎勵1年。
50763431,瑞晟技術顧問股份有限公司,臺北市中正區延平南路61號6樓之6,3.60,行政院公共工程委員會,臺北市信義區松仁路3號9樓,楊其融,(02)87897008#7008,1547@mail.pcc.gov.tw,公共工程金質獎頒發作業要點,115/01/01,115/12/31,本會第1140300937號簽,第25屆公共工程金質獎「公共工程品質優良獎」 佳作工程，公告日起獎勵1年。
84637032,勁竹營造有限公司,桃園市大園區拔子林一路407巷29號,3.60,行政院公共工程委員會,臺北市信義區松仁路3號9樓,楊其融,(02)87897008#7008,1547@mail.pcc.gov.tw,公共工程金質獎頒發作業要點,115/01/01,115/12/31,本會第1140300937號簽,第25屆公共工程金質獎「公共工程品質優良獎」 佳作工程，公告日起獎勵1年。
52571965,良記營造股份有限公司,桃園市觀音區大潭1810號,3.60,行政院公共工程委員會,臺北市信義區松仁路3號9樓,楊其融,(02)87897008#7008,1547@mail.pcc.gov.tw,公共工程金質獎頒發作業要點,115/01/01,115/12/31,本會第1140300937號簽,第25屆公共工程金質獎「公共工程品質優良獎」 佳作工程，公告日起獎勵1年。
12915205,崇峻工程顧問有限公司,新北市板橋區民族路87號8樓,3.60,行政院公共工程委員會,臺北市信義區松仁路3號9樓,楊其融,(02)87897008#7008,1547@mail.pcc.gov.tw,公共工程金質獎頒發作業要點,115/01/01,115/12/31,本會第1140300937號簽,第25屆公共工程金質獎「公共工程品質優良獎」 佳作工程，公告日起獎勵1年。
69735935,坤鉅營造有限公司,桃園市大溪區天祥街7號1樓,3.60,行政院公共工程委員會,臺北市信義區松仁路3號9樓,楊其融,(02)87897008#7008,1547@mail.pcc.gov.tw,公共工程金質獎頒發作業要點,115/01/01,115/12/31,本會第1140300937號簽,第25屆公共工程金質獎「公共工程品質優良獎」 佳作工程，公告日起獎勵1年。
16266074,傑瀚營造有限公司,桃園市桃園區大興西路二段61號18樓,3.60,行政院公共工程委員會,臺北市信義區松仁路3號9樓,楊其融,(02)87897008#7008,1547@mail.pcc.gov.tw,公共工程金質獎頒發作業要點,115/01/01,115/12/31,本會第1140300937號簽,第25屆公共工程金質獎「公共工程品質優良獎」 佳作工程，公告日起獎勵1年。
70667344,五嶺營造有限公司,新北市鶯歌區尖山路293巷5號,3.60,行政院公共工程委員會,臺北市信義區松仁路3號9樓,楊其融,(02)87897008#7008,1547@mail.pcc.gov.tw,公共工程金質獎頒發作業要點,115/01/01,115/12/31,本會第1140300937號簽,第25屆公共工程金質獎「公共工程品質優良獎」 佳作工程，公告日起獎勵1年。
97471863,大凡整合規劃設計有限公司,臺北市中山區中山北路二段12號3樓,3.60,行政院公共工程委員會,臺北市信義區松仁路3號9樓,楊其融,(02)87897008#7008,1547@mail.pcc.gov.tw,公共工程金質獎頒發作業要點,115/01/01,115/12/31,本會第1140300937號簽,第25屆公共工程金質獎「公共工程品質優良獎」 佳作工程，公告日起獎勵1年。
27986728,中棪工程顧問股份有限公司,臺北市大安區仁愛路三段136號12樓,3.60,行政院公共工程委員會,臺北市信義區松仁路3號9樓,楊其融,(02)87897008#7008,1547@mail.pcc.gov.tw,公共工程金質獎頒發作業要點,115/01/01,115/12/31,本會第1140300937號簽,第25屆公共工程金質獎「公共工程品質優良獎」 佳作工程，公告日起獎勵1年。
11367406,泛亞工程建設股份有限公司,臺北市大安區忠孝東路4段219號7F,3.60,行政院公共工程委員會,臺北市信義區松仁路3號9樓,楊其融,(02)87897008#7008,1547@mail.pcc.gov.tw,公共工程金質獎頒發作業要點,115/01/01,115/12/31,本會第1140300937號簽,第25屆公共工程金質獎「公共工程品質優良獎」 佳作工程，公告日起獎勵1年。
04723653,亞新工程顧問股份有限公司,新北市汐止區新台五路一段112號22樓A棟,3.60,行政院公共工程委員會,臺北市信義區松仁路3號9樓,楊其融,(02)87897008#7008,1547@mail.pcc.gov.tw,公共工程金質獎頒發作業要點,115/01/01,115/12/31,本會第1140300937號簽,第25屆公共工程金質獎「公共工程品質優良獎」 佳作工程，公告日起獎勵1年。
84473208,台灣歐鍀空調股份有限公司,新北市汐止區新台五路一段77號9樓之1,3.60,行政院公共工程委員會,臺北市信義區松仁路3號9樓,楊其融,(02)87897008#7008,1547@mail.pcc.gov.tw,公共工程金質獎頒發作業要點,115/01/01,115/12/31,本會第1140300937號簽,第25屆公共工程金質獎「公共工程品質優良獎」 佳作工程，公告日起獎勵1年。
53313115,遠碩機電工程股份有限公司,臺北市松山區八德路三段36號14樓,3.60,行政院公共工程委員會,臺北市信義區松仁路3號9樓,楊其融,(02)87897008#7008,1547@mail.pcc.gov.tw,公共工程金質獎頒發作業要點,115/01/01,115/12/31,本會第1140300937號簽,第25屆公共工程金質獎「公共工程品質優良獎」 佳作工程，公告日起獎勵1年。
61751833,遠碩營造股份有限公司,臺北市松山區八德路三段36號14樓,3.60,行政院公共工程委員會,臺北市信義區松仁路3號9樓,楊其融,(02)87897008#7008,1547@mail.pcc.gov.tw,公共工程金質獎頒發作業要點,115/01/01,115/12/31,本會第1140300937號簽,第25屆公共工程金質獎「公共工程品質優良獎」 佳作工程，公告日起獎勵1年。
08626668,高世銘建築師事務所,臺北市大安區安和路一段39號2樓,3.60,行政院公共工程委員會,臺北市信義區松仁路3號9樓,楊其融,(02)87897008#7008,1547@mail.pcc.gov.tw,公共工程金質獎頒發作業要點,115/01/01,115/12/31,本會第1140300937號簽,第25屆公共工程金質獎「公共工程品質優良獎」 佳作工程，公告日起獎勵1年。
84329345,協翔營造工程股份有限公司,宜蘭縣員山鄉湖東村茄苳路42之9號,3.60,行政院公共工程委員會,臺北市信義區松仁路3號9樓,楊其融,(02)87897008#7008,1547@mail.pcc.gov.tw,公共工程金質獎頒發作業要點,115/01/01,115/12/31,本會第1140300937號簽,第25屆公共工程金質獎「公共工程品質優良獎」 佳作工程，公告日起獎勵1年。
25107802,惇陽工程顧問有限公司,臺北市中山區南京東路三段19號9樓,3.60,行政院公共工程委員會,臺北市信義區松仁路3號9樓,楊其融,(02)87897008#7008,1547@mail.pcc.gov.tw,公共工程金質獎頒發作業要點,115/01/01,115/12/31,本會第1140300937號簽,第25屆公共工程金質獎「公共工程品質優良獎」 佳作工程，公告日起獎勵1年。
54275552,開巨技術顧問有限公司,新北市中和區景平路268號26樓之1,3.60,行政院公共工程委員會,臺北市信義區松仁路3號9樓,楊其融,(02)87897008#7008,1547@mail.pcc.gov.tw,公共工程金質獎頒發作業要點,115/01/01,115/12/31,本會第1140300937號簽,第25屆公共工程金質獎「公共工程品質優良獎」 佳作工程，公告日起獎勵1年。
22007153,銘欣技術工程有限公司,臺中市西屯區大信街15號,3.60,行政院公共工程委員會,臺北市信義區松仁路3號9樓,楊其融,(02)87897008#7008,1547@mail.pcc.gov.tw,公共工程金質獎頒發作業要點,115/01/01,115/12/31,本會第1140300937號簽,第25屆公共工程金質獎「公共工程品質優良獎」 佳作工程，公告日起獎勵1年。
22243614,敦親企業有限公司,新竹市北區南寮里西濱路一段373號1樓,3.60,行政院公共工程委員會,臺北市信義區松仁路3號9樓,楊其融,(02)87897008#7008,1547@mail.pcc.gov.tw,公共工程金質獎頒發作業要點,115/01/01,115/12/31,本會第1140300937號簽,第25屆公共工程金質獎「公共工程品質優良獎」 佳作工程，公告日起獎勵1年。
47630134,張瑪龍陳玉霖聯合建築師事務所,高雄市苓雅區四維三路6號16樓之1,3.60,行政院公共工程委員會,臺北市信義區松仁路3號9樓,楊其融,(02)87897008#7008,1547@mail.pcc.gov.tw,公共工程金質獎頒發作業要點,115/01/01,115/12/31,本會第1140300937號簽,第25屆公共工程金質獎「公共工程品質優良獎」 佳作工程，公告日起獎勵1年。
85892495,瑞鋒營造股份有限公司,高雄市左營區富國路185號,3.60,行政院公共工程委員會,臺北市信義區松仁路3號9樓,楊其融,(02)87897008#7008,1547@mail.pcc.gov.tw,公共工程金質獎頒發作業要點,115/01/01,115/12/31,本會第1140300937號簽,第25屆公共工程金質獎「公共工程品質優良獎」 佳作工程，公告日起獎勵1年。
53922264,揚盛工程顧問股份有限公司,臺北市中山區農安街210號11樓,3.60,行政院公共工程委員會,臺北市信義區松仁路3號9樓,楊其融,(02)87897008#7008,1547@mail.pcc.gov.tw,公共工程金質獎頒發作業要點,115/01/01,115/12/31,本會第1140300937號簽,第25屆公共工程金質獎「公共工程品質優良獎」 佳作工程，公告日起獎勵1年。
97336902,致邦空調工程有限公司,臺中市南屯區益昌三街100號,3.60,行政院公共工程委員會,臺北市信義區松仁路3號9樓,楊其融,(02)87897008#7008,1547@mail.pcc.gov.tw,公共工程金質獎頒發作業要點,115/01/01,115/12/31,本會第1140300937號簽,第25屆公共工程金質獎「公共工程品質優良獎」 佳作工程，公告日起獎勵1年。
80400598,佳群機電工程有限公司,臺中市南區建國南路二段150巷7號,3.60,行政院公共工程委員會,臺北市信義區松仁路3號9樓,楊其融,(02)87897008#7008,1547@mail.pcc.gov.tw,公共工程金質獎頒發作業要點,115/01/01,115/12/31,本會第1140300937號簽,第25屆公共工程金質獎「公共工程品質優良獎」 佳作工程，公告日起獎勵1年。
17719478,吳嘉栩建築師事務所,臺中市北區五權路190號10樓之1,3.60,行政院公共工程委員會,臺北市信義區松仁路3號9樓,楊其融,(02)87897008#7008,1547@mail.pcc.gov.tw,公共工程金質獎頒發作業要點,115/01/01,115/12/31,本會第1140300937號簽,第25屆公共工程金質獎「公共工程品質優良獎」 佳作工程，公告日起獎勵1年。
53866050,五盛營造有限公司,臺中市北區國豐街107號1樓,3.60,行政院公共工程委員會,臺北市信義區松仁路3號9樓,楊其融,(02)87897008#7008,1547@mail.pcc.gov.tw,公共工程金質獎頒發作業要點,115/01/01,115/12/31,本會第1140300937號簽,第25屆公共工程金質獎「公共工程品質優良獎」 佳作工程，公告日起獎勵1年。
22278232,新科營造股份有限公司,臺中市北區民權路559號11樓之3,3.60,行政院公共工程委員會,臺北市信義區松仁路3號9樓,楊其融,(02)87897008#7008,1547@mail.pcc.gov.tw,公共工程金質獎頒發作業要點,115/01/01,115/12/31,本會第1140300937號簽,第25屆公共工程金質獎「公共工程品質優良獎」 佳作工程，公告日起獎勵1年。
22220892,劦盛工程顧問有限公司,臺中市北區忠明路424號6F之2,3.60,行政院公共工程委員會,臺北市信義區松仁路3號9樓,楊其融,(02)87897008#7008,1547@mail.pcc.gov.tw,公共工程金質獎頒發作業要點,115/01/01,115/12/31,本會第1140300937號簽,第25屆公共工程金質獎「公共工程品質優良獎」 佳作工程，公告日起獎勵1年。
47538278,賴銘昌建築師事務所,臺中市西區忠明南路270號15樓之2,3.60,行政院公共工程委員會,臺北市信義區松仁路3號9樓,楊其融,(02)87897008#7008,1547@mail.pcc.gov.tw,公共工程金質獎頒發作業要點,115/01/01,115/12/31,本會第1140300937號簽,第25屆公共工程金質獎「公共工程品質優良獎」 佳作工程，公告日起獎勵1年。
29024522,誠蓄工程顧問股份有限公司,高雄市新興區中山一路279號,3.60,行政院公共工程委員會,臺北市信義區松仁路3號9樓,楊其融,(02)87897008#7008,1547@mail.pcc.gov.tw,公共工程金質獎頒發作業要點,115/01/01,115/12/31,本會第1140300937號簽,第25屆公共工程金質獎「公共工程品質優良獎」 佳作工程，公告日起獎勵1年。
80081601,順晟科技企業有限公司,臺中市沙鹿區屏西路17號,3.60,行政院公共工程委員會,臺北市信義區松仁路3號9樓,楊其融,(02)87897008#7008,1547@mail.pcc.gov.tw,公共工程金質獎頒發作業要點,115/01/01,115/12/31,本會第1140300937號簽,第25屆公共工程金質獎「公共工程品質優良獎」 佳作工程，公告日起獎勵1年。
53484829,協磁機電工程有限公司,臺南市北區北安路一段341巷2-1號,3.60,行政院公共工程委員會,臺北市信義區松仁路3號9樓,楊其融,(02)87897008#7008,1547@mail.pcc.gov.tw,公共工程金質獎頒發作業要點,115/01/01,115/12/31,本會第1140300937號簽,第25屆公共工程金質獎「公共工程品質優良獎」 佳作工程，公告日起獎勵1年。
38406281,永青營造工程股份有限公司,臺南市永康區永科三路99號,3.60,行政院公共工程委員會,臺北市信義區松仁路3號9樓,楊其融,(02)87897008#7008,1547@mail.pcc.gov.tw,公共工程金質獎頒發作業要點,115/01/01,115/12/31,本會第1140300937號簽,第25屆公共工程金質獎「公共工程品質優良獎」 佳作工程，公告日起獎勵1年。
77933557,姜樂靜建築師事務所,臺中市西屯區台灣大道二段902號3樓,3.60,行政院公共工程委員會,臺北市信義區松仁路3號9樓,楊其融,(02)87897008#7008,1547@mail.pcc.gov.tw,公共工程金質獎頒發作業要點,115/01/01,115/12/31,本會第1140300937號簽,第25屆公共工程金質獎「公共工程品質優良獎」 佳作工程，公告日起獎勵1年。
93669371,東丕營造股份有限公司,高雄市小港區平和七路2號,3.60,行政院公共工程委員會,臺北市信義區松仁路3號9樓,楊其融,(02)87897008#7008,1547@mail.pcc.gov.tw,公共工程金質獎頒發作業要點,115/01/01,115/12/31,本會第1140300937號簽,第25屆公共工程金質獎「公共工程品質優良獎」 佳作工程，公告日起獎勵1年。
89568007,鹿島工程技術顧問股份有限公司,新北市永和區水源街27巷5號3樓,3.60,行政院公共工程委員會,臺北市信義區松仁路3號9樓,楊其融,(02)87897008#7008,1547@mail.pcc.gov.tw,公共工程金質獎頒發作業要點,115/01/01,115/12/31,本會第1140300937號簽,第25屆公共工程金質獎「公共工程品質優良獎」 佳作工程，公告日起獎勵1年。
23801329,盈盛營造有限公司,新竹縣竹北市勝利六街209號四樓,3.60,行政院公共工程委員會,臺北市信義區松仁路3號9樓,楊其融,(02)87897008#7008,1547@mail.pcc.gov.tw,公共工程金質獎頒發作業要點,115/01/01,115/12/31,本會第1140300937號簽,第25屆公共工程金質獎「公共工程品質優良獎」 佳作工程，公告日起獎勵1年。
84888781,汎錏營造股份有限公司,臺中市西屯區西屯路2段256巷6號11樓之6,3.60,行政院公共工程委員會,臺北市信義區松仁路3號9樓,楊其融,(02)87897008#7008,1547@mail.pcc.gov.tw,公共工程金質獎頒發作業要點,115/01/01,115/12/31,本會第1140300937號簽,第25屆公共工程金質獎「公共工程品質優良獎」 佳作工程，公告日起獎勵1年。
80257761,甲暐營造有限公司,臺南市南區大忠里大同路2段482巷141號1樓,3.60,行政院公共工程委員會,臺北市信義區松仁路3號9樓,楊其融,(02)87897008#7008,1547@mail.pcc.gov.tw,公共工程金質獎頒發作業要點,115/01/01,115/12/31,本會第1140300937號簽,第25屆公共工程金質獎「公共工程品質優良獎」 佳作工程，公告日起獎勵1年。
90433443,新禹工程技術顧問有限公司,新竹市東區東新路146號1樓,3.60,行政院公共工程委員會,臺北市信義區松仁路3號9樓,楊其融,(02)87897008#7008,1547@mail.pcc.gov.tw,公共工程金質獎頒發作業要點,115/01/01,115/12/31,本會第1140300937號簽,第25屆公共工程金質獎「公共工程品質優良獎」 佳作工程，公告日起獎勵1年。
84832324,治鼎科技營造股份有限公司,南投縣草屯鎮仁愛街320號,3.60,行政院公共工程委員會,臺北市信義區松仁路3號9樓,楊其融,(02)87897008#7008,1547@mail.pcc.gov.tw,公共工程金質獎頒發作業要點,115/01/01,115/12/31,本會第1140300937號簽,第25屆公共工程金質獎「公共工程品質優良獎」 佳作工程，公告日起獎勵1年。
54275455,合水先進環境技術股份有限公司,臺北市信義區信義路五段2號4樓,3.60,行政院公共工程委員會,臺北市信義區松仁路3號9樓,楊其融,(02)87897008#7008,1547@mail.pcc.gov.tw,公共工程金質獎頒發作業要點,115/01/01,115/12/31,本會第1140300937號簽,第25屆公共工程金質獎「公共工程品質優良獎」 佳作工程，公告日起獎勵1年。
84555720,東鈺營造股份有限公司,花蓮縣花蓮市民意里府前路482之4號,3.60,行政院公共工程委員會,臺北市信義區松仁路3號9樓,楊其融,(02)87897008#7008,1547@mail.pcc.gov.tw,公共工程金質獎頒發作業要點,115/01/01,115/12/31,本會第1140300937號簽,第25屆公共工程金質獎「公共工程品質優良獎」 佳作工程，公告日起獎勵1年。
23542111,宸茂營造有限公司,新北市三重區重陽路3段192之2號14樓,3.60,行政院公共工程委員會,臺北市信義區松仁路3號9樓,楊其融,(02)87897008#7008,1547@mail.pcc.gov.tw,公共工程金質獎頒發作業要點,115/01/01,115/12/31,本會第1140300937號簽,第25屆公共工程金質獎「公共工程品質優良獎」 佳作工程，公告日起獎勵1年。
23986445,美商科進栢誠工程顧問有限公司台灣分公司,新北市板橋區縣民大道二段68號21樓,3.60,行政院公共工程委員會,臺北市信義區松仁路3號9樓,楊其融,(02)87897008#7008,1547@mail.pcc.gov.tw,公共工程金質獎頒發作業要點,115/01/01,115/12/31,本會第1140300937號簽,第25屆公共工程金質獎「公共工程品質優良獎」 佳作工程，公告日起獎勵1年。
83776056,康宏營造有限公司,新北市永和區民權路36巷2號,3.60,行政院公共工程委員會,臺北市信義區松仁路3號9樓,楊其融,(02)87897008#7008,1547@mail.pcc.gov.tw,公共工程金質獎頒發作業要點,115/01/01,115/12/31,本會第1140300937號簽,第25屆公共工程金質獎「公共工程品質優良獎」 佳作工程，公告日起獎勵1年。
16772571,凱頓工程股份有限公司,臺北市內湖區新湖三路130號6樓,3.60,行政院公共工程委員會,臺北市信義區松仁路3號9樓,楊其融,(02)87897008#7008,1547@mail.pcc.gov.tw,公共工程金質獎頒發作業要點,115/01/01,115/12/31,本會第1140300937號簽,第25屆公共工程金質獎「公共工程品質優良獎」 佳作工程，公告日起獎勵1年。
20817282,中鼎工程股份有限公司,臺北市士林區中山北路六段89號,3.60,行政院公共工程委員會,臺北市信義區松仁路3號9樓,楊其融,(02)87897008#7008,1547@mail.pcc.gov.tw,公共工程金質獎頒發作業要點,115/01/01,115/12/31,本會第1140300937號簽,第25屆公共工程金質獎「公共工程品質優良獎」 佳作工程，公告日起獎勵1年。
03210607,利德工程股份有限公司,臺北市中正區館前路20號9樓,3.60,行政院公共工程委員會,臺北市信義區松仁路3號9樓,楊其融,(02)87897008#7008,1547@mail.pcc.gov.tw,公共工程金質獎頒發作業要點,115/01/01,115/12/31,本會第1140300937號簽,第25屆公共工程金質獎「公共工程品質優良獎」 佳作工程，公告日起獎勵1年。
97586963,黎明工程顧問股份有限公司,臺中市南屯區大墩十七街137號3樓,3.60,行政院公共工程委員會,臺北市信義區松仁路3號9樓,楊其融,(02)87897008#7008,1547@mail.pcc.gov.tw,公共工程金質獎頒發作業要點,115/01/01,115/12/31,本會第1140300937號簽,第25屆公共工程金質獎「公共工程品質優良獎」 佳作工程，公告日起獎勵1年。
45103889,晉升營造有限公司,苗栗縣竹南鎮環市路一段49號,3.60,行政院公共工程委員會,臺北市信義區松仁路3號9樓,楊其融,(02)87897008#7008,1547@mail.pcc.gov.tw,公共工程金質獎頒發作業要點,115/01/01,115/12/31,本會第1140300937號簽,第25屆公共工程金質獎「公共工程品質優良獎」 佳作工程，公告日起獎勵1年。
22064421,真毅營造有限公司,高雄市鳳山區平等路55號8樓,3.60,行政院公共工程委員會,臺北市信義區松仁路3號9樓,楊其融,(02)87897008#7008,1547@mail.pcc.gov.tw,公共工程金質獎頒發作業要點,115/01/01,115/12/31,本會第1140300937號簽,第25屆公共工程金質獎「公共工程品質優良獎」 佳作工程，公告日起獎勵1年。
12177592,台灣三菱電機股份有限公司,臺北市士林區中山北路六段88號11樓,3.60,行政院公共工程委員會,臺北市信義區松仁路3號9樓,楊其融,(02)87897008#7008,1547@mail.pcc.gov.tw,公共工程金質獎頒發作業要點,115/01/01,115/12/31,本會第1140300937號簽,第25屆公共工程金質獎「公共工程品質優良獎」 佳作工程，公告日起獎勵1年。
84124259,中興工程顧問股份有限公司,臺北市松山區南京東路五段171號14樓,3.60,行政院公共工程委員會,臺北市信義區松仁路3號9樓,楊其融,(02)87897008#7008,1547@mail.pcc.gov.tw,公共工程金質獎頒發作業要點,115/01/01,115/12/31,本會第1140300937號簽,第25屆公共工程金質獎「公共工程品質優良獎」 佳作工程，公告日起獎勵1年。
00967656,張仲怡建築師事務所,臺北市大安區忠孝東路四段181巷42號2樓,3.60,行政院公共工程委員會,臺北市信義區松仁路3號9樓,楊其融,(02)87897008#7008,1547@mail.pcc.gov.tw,公共工程金質獎頒發作業要點,115/01/01,115/12/31,本會第1140300937號簽,第25屆公共工程金質獎「公共工程品質優良獎」 佳作工程，公告日起獎勵1年。
11039306,士林電機廠股份有限公司,臺北市士林區中山北路六段88號16樓,3.60,行政院公共工程委員會,臺北市信義區松仁路3號9樓,楊其融,(02)87897008#7008,1547@mail.pcc.gov.tw,公共工程金質獎頒發作業要點,115/01/01,115/12/31,本會第1140300937號簽,第25屆公共工程金質獎「公共工程品質優良獎」 佳作工程，公告日起獎勵1年。
28412550,台灣世曦工程顧問股份有限公司,臺北市內湖區陽光街323號3樓,3.60,行政院公共工程委員會,臺北市信義區松仁路3號9樓,楊其融,(02)87897008#7008,1547@mail.pcc.gov.tw,公共工程金質獎頒發作業要點,115/01/01,115/12/31,本會第1140300937號簽,第25屆公共工程金質獎「公共工程品質優良獎」 佳作工程，公告日起獎勵1年。
33029464,中興電工機械股份有限公司,桃園市龜山區文德路25號,3.60,行政院公共工程委員會,臺北市信義區松仁路3號9樓,楊其融,(02)87897008#7008,1547@mail.pcc.gov.tw,公共工程金質獎頒發作業要點,115/01/01,115/12/31,本會第1140300937號簽,第25屆公共工程金質獎「公共工程品質優良獎」 佳作工程，公告日起獎勵1年。
22053830,昭雄營造股份有限公司,臺中市南屯區大墩七街331號1樓,3.60,行政院公共工程委員會,臺北市信義區松仁路3號9樓,楊其融,(02)87897008#7008,1547@mail.pcc.gov.tw,公共工程金質獎頒發作業要點,115/01/01,115/12/31,本會第1140300937號簽,第25屆公共工程金質獎「公共工程品質優良獎」 佳作工程，公告日起獎勵1年。
19343097,郭旭原聯合建築師事務所,臺北市大安區大安路一段147號8樓C座,3.60,行政院公共工程委員會,臺北市信義區松仁路3號9樓,楊其融,(02)87897008#7008,1547@mail.pcc.gov.tw,公共工程金質獎頒發作業要點,115/01/01,115/12/31,本會第1140300937號簽,第25屆公共工程金質獎「公共工程品質優良獎」 佳作工程，公告日起獎勵1年。
56676244,港洲營造股份有限公司,臺中市西屯區工業區一路68號12樓,3.60,行政院公共工程委員會,臺北市信義區松仁路3號9樓,楊其融,(02)87897008#7008,1547@mail.pcc.gov.tw,公共工程金質獎頒發作業要點,115/01/01,115/12/31,本會第1140300937號簽,第25屆公共工程金質獎「公共工程品質優良獎」 佳作工程，公告日起獎勵1年。
19294949,余曉嵐建築師事務所,臺中市南屯區五權西路二段666號10樓之5,3.60,行政院公共工程委員會,臺北市信義區松仁路3號9樓,楊其融,(02)87897008#7008,1547@mail.pcc.gov.tw,公共工程金質獎頒發作業要點,115/01/01,115/12/31,本會第1140300937號簽,第25屆公共工程金質獎「公共工程品質優良獎」 佳作工程，公告日起獎勵1年。
40634655,旭盛營造有限公司,宜蘭縣宜蘭市力行路86號,3.60,行政院公共工程委員會,臺北市信義區松仁路3號9樓,楊其融,(02)87897008#7008,1547@mail.pcc.gov.tw,公共工程金質獎頒發作業要點,115/01/01,115/12/31,本會第1140300937號簽,第25屆公共工程金質獎「公共工程品質優良獎」 佳作工程，公告日起獎勵1年。
21221177,萬鼎工程服務股份有限公司,臺北市士林區中山北路六段89號10樓,3.60,行政院公共工程委員會,臺北市信義區松仁路3號9樓,楊其融,(02)87897008#7008,1547@mail.pcc.gov.tw,公共工程金質獎頒發作業要點,115/01/01,115/12/31,本會第1140300937號簽,第25屆公共工程金質獎「公共工程品質優良獎」 佳作工程，公告日起獎勵1年。
54750866,耕展永續科技有限公司,臺中市西屯區大福里長安路二段210巷35號1樓,3.60,行政院公共工程委員會,臺北市信義區松仁路3號9樓,楊其融,(02)87897008#7008,1547@mail.pcc.gov.tw,公共工程金質獎頒發作業要點,115/01/01,115/12/31,本會第1140300937號簽,第25屆公共工程金質獎「公共設施維護管理獎」佳作設施，公告日起獎勵1年。
80738683,台灣國際開發事業有限公司,臺中市西屯區文心路二段598號3樓之1,3.60,行政院公共工程委員會,臺北市信義區松仁路3號9樓,楊其融,(02)87897008#7008,1547@mail.pcc.gov.tw,公共工程金質獎頒發作業要點,115/01/01,115/12/31,本會第1140300937號簽,第25屆公共工程金質獎「公共設施維護管理獎」佳作設施，公告日起獎勵1年。
54275552,開巨技術顧問有限公司,新北市中和區景平路268號26樓之1,3.60,行政院公共工程委員會,臺北市信義區松仁路3號9樓,楊其融,(02)87897008#7008,1547@mail.pcc.gov.tw,公共工程金質獎頒發作業要點,115/01/01,115/12/31,本會第1140300937號簽,第25屆公共工程金質獎「公共設施維護管理獎」佳作設施，公告日起獎勵1年。
24354214,欣鴻營造有限公司,桃園市大溪區文化路85之6號7樓,3.60,行政院公共工程委員會,臺北市信義區松仁路3號9樓,楊其融,(02)87897008#7008,1547@mail.pcc.gov.tw,公共工程金質獎頒發作業要點,115/01/01,115/12/31,本會第1140300937號簽,第25屆公共工程金質獎「公共設施維護管理獎」佳作設施，公告日起獎勵1年。
84555720,東鈺營造股份有限公司,花蓮縣花蓮市民意里府前路482之4號,3.60,行政院公共工程委員會,臺北市信義區松仁路3號9樓,楊其融,(02)87897008#7008,1547@mail.pcc.gov.tw,公共工程金質獎頒發作業要點,115/01/01,115/12/31,本會第1140300937號簽,第25屆公共工程金質獎「公共設施維護管理獎」佳作設施，公告日起獎勵1年。
97497982,聯安工程顧問有限公司,桃園市桃園區中正路1247號5樓-4,3.60,行政院公共工程委員會,臺北市信義區松仁路3號9樓,楊其融,(02)87897008#7008,1547@mail.pcc.gov.tw,公共工程金質獎頒發作業要點,115/01/01,115/12/31,本會第1140300937號簽,第25屆公共工程金質獎「公共設施維護管理獎」佳作設施，公告日起獎勵1年。
11507624,磐碩營造股份有限公司,新北市汐止區福德二路215號10樓之5,3.60,行政院公共工程委員會,臺北市信義區松仁路3號9樓,楊其融,(02)87897008#7008,1547@mail.pcc.gov.tw,公共工程金質獎頒發作業要點,115/01/01,115/12/31,本會第1140300937號簽,第25屆公共工程金質獎「公共設施維護管理獎」佳作設施，公告日起獎勵1年。
83985693,群亞工程顧問有限公司,臺北市中山區新生北路三段84巷11號1樓,3.60,行政院公共工程委員會,臺北市信義區松仁路3號9樓,楊其融,(02)87897008#7008,1547@mail.pcc.gov.tw,公共工程金質獎頒發作業要點,115/01/01,115/12/31,本會第1140300937號簽,第25屆公共工程金質獎「公共設施維護管理獎」佳作設施，公告日起獎勵1年。
23265946,聖東營造股份有限公司,臺北市松山區八德路4段760號9樓之1,3.60,行政院公共工程委員會,臺北市信義區松仁路3號9樓,楊其融,(02)87897008#7008,1547@mail.pcc.gov.tw,公共工程金質獎頒發作業要點,115/01/01,115/12/31,本會第1140300937號簽,第25屆公共工程金質獎「公共設施維護管理獎」佳作設施，公告日起獎勵1年。
97418116,惠民實業股份有限公司,臺北市中山區新生北路一段62巷1號,3.60,行政院公共工程委員會,臺北市信義區松仁路3號9樓,楊其融,(02)87897008#7008,1547@mail.pcc.gov.tw,公共工程金質獎頒發作業要點,115/01/01,115/12/31,本會第1140300937號簽,第25屆公共工程金質獎「公共設施維護管理獎」佳作設施，公告日起獎勵1年。
84124259,中興工程顧問股份有限公司,臺北市松山區南京東路五段171號14樓,3.60,行政院公共工程委員會,臺北市信義區松仁路3號9樓,楊其融,(02)87897008#7008,1547@mail.pcc.gov.tw,公共工程金質獎頒發作業要點,115/01/01,115/12/31,本會第1140300937號簽,第25屆公共工程金質獎「公共設施維護管理獎」佳作設施，公告日起獎勵1年。
86721013,祐鼎工程股份有限公司,新北市新店區寶橋路235巷6弄6號6樓,3.60,行政院公共工程委員會,臺北市信義區松仁路3號9樓,楊其融,(02)87897008#7008,1547@mail.pcc.gov.tw,公共工程金質獎頒發作業要點,115/01/01,115/12/31,本會第1140300937號簽,第25屆公共工程金質獎「公共設施維護管理獎」佳作設施，公告日起獎勵1年。
90862648,逐跡生態顧問有限公司,臺北市大同區塔城街54號2樓,3.60,行政院公共工程委員會,臺北市信義區松仁路3號9樓,楊其融,(02)87897008#7008,1547@mail.pcc.gov.tw,公共工程金質獎頒發作業要點,115/01/01,115/12/31,本會第1140300937號簽,第25屆公共工程金質獎「公共設施維護管理獎」佳作設施，公告日起獎勵1年。
28368864,台灣整合防災工程技術顧問有限公司,新北市土城區中央路三段281巷15弄14號1樓,3.60,行政院公共工程委員會,臺北市信義區松仁路3號9樓,楊其融,(02)87897008#7008,1547@mail.pcc.gov.tw,公共工程金質獎頒發作業要點,115/01/01,115/12/31,本會第1140300937號簽,第25屆公共工程金質獎「公共設施維護管理獎」佳作設施，公告日起獎勵1年。
23029824,青山工程顧問股份有限公司,臺北市南港區成功路一段32號八樓之6,3.60,行政院公共工程委員會,臺北市信義區松仁路3號9樓,李青蔚,(02)87897728#7728,wei@mail.pcc.gov.tw,公共工程金質獎頒發作業要點,114/01/01,115/12/31,本會第1130301156號簽,
52005505,逢甲大學,臺中市西屯區文華路100號,3.60,行政院公共工程委員會,臺北市信義區松仁路3號9樓,李青蔚,(02)87897728#7728,wei@mail.pcc.gov.tw,公共工程金質獎頒發作業要點,114/01/01,115/12/31,本會第1130301156號簽,
54900345,程泰工程技術顧問有限公司,臺中市西屯區大容東街90號六樓之1,3.60,行政院公共工程委員會,臺北市信義區松仁路3號9樓,李青蔚,(02)87897728#7728,wei@mail.pcc.gov.tw,公共工程金質獎頒發作業要點,114/01/01,115/12/31,本會第1130301156號簽,
94901073,財團法人國家實驗研究院國家地震工程研究中心,台北市大安區和平東路二段106號3樓,3.60,行政院公共工程委員會,臺北市信義區松仁路3號9樓,李青蔚,(02)87897728#7728,wei@mail.pcc.gov.tw,公共工程金質獎頒發作業要點,114/01/01,115/12/31,本會第1130301156號簽,
83617543,亞泰工程顧問股份有限公司,新北市三重區三和路4段101之1號13樓,3.60,行政院公共工程委員會,臺北市信義區松仁路3號9樓,李青蔚,(02)87897728#7728,wei@mail.pcc.gov.tw,公共工程金質獎頒發作業要點,114/01/01,115/12/31,本會第1130301156號簽,
11569326,財團法人中興工程顧問社,台北市內湖區新湖二路280號,3.60,行政院公共工程委員會,臺北市信義區松仁路3號9樓,李青蔚,(02)87897728#7728,wei@mail.pcc.gov.tw,公共工程金質獎頒發作業要點,114/01/01,115/12/31,本會第1130301156號簽,
23988767,美商傑明工程顧問股份有限公司台灣分公司,臺北市信義區市民大道6段288號5樓,3.7,財政部,臺北市文山區羅斯福路6段142巷1號,林碧萱,(02)23227560,bslin@mail.mof.gov.tw,民間參與公共建設金擘獎頒發作業要點第3點,115/01/01,115/12/31,台財促字第11425537990號,第23屆民間參與公共建設金擘獎政府團隊獎優等案件之顧問機構
33029464,中興電工機械股份有限公司,桃園市龜山區文德路25號,3.60,行政院公共工程委員會,臺北市信義區松仁路3號9樓,李青蔚,(02)87897728#7728,wei@mail.pcc.gov.tw,公共工程金質獎頒發作業要點,114/01/01,115/12/31,本會第1130301156號簽,
65010305,三太造機廠股份有限公司,嘉義縣民雄鄉民雄工業區成功三街3號,3.60,行政院公共工程委員會,臺北市信義區松仁路3號9樓,李青蔚,(02)87897728#7728,wei@mail.pcc.gov.tw,公共工程金質獎頒發作業要點,114/01/01,115/12/31,本會第1130301156號簽,
70818455,中鋼機械股份有限公司,高雄市小港區台機路 3 號,3.60,行政院公共工程委員會,臺北市信義區松仁路3號9樓,李青蔚,(02)87897728#7728,wei@mail.pcc.gov.tw,公共工程金質獎頒發作業要點,114/01/01,115/12/31,本會第1130301156號簽,
538256690,昌豐營造工程有限公司,宜蘭縣冬山鄉東山路5段311號1樓,3.60,行政院公共工程委員會,臺北市信義區松仁路3號9樓,李青蔚,(02)87897728#7728,wei@mail.pcc.gov.tw,公共工程金質獎頒發作業要點,114/01/01,115/12/31,本會第1130301156號簽,
10527989,常式建築師事務所,宜蘭縣宜蘭市泰山路211巷37號,3.60,行政院公共工程委員會,臺北市信義區松仁路3號9樓,李青蔚,(02)87897728#7728,wei@mail.pcc.gov.tw,公共工程金質獎頒發作業要點,114/01/01,115/12/31,本會第1130301156號簽,
23803157,長聖營造有限公司,臺北市中正區新生南路一段148號5樓,3.60,行政院公共工程委員會,臺北市信義區松仁路3號9樓,李青蔚,(02)87897728#7728,wei@mail.pcc.gov.tw,公共工程金質獎頒發作業要點,114/01/01,115/12/31,本會第1130301156號簽,
36198809,徐裕健建築師事務所,臺北市大安區基隆路二段190號三樓之一,3.60,行政院公共工程委員會,臺北市信義區松仁路3號9樓,李青蔚,(02)87897728#7728,wei@mail.pcc.gov.tw,公共工程金質獎頒發作業要點,114/01/01,115/12/31,本會第1130301156號簽,
31006599,楊雪雲建築師事務所,臺北市士林區克強路10巷9弄23號4樓,3.60,行政院公共工程委員會,臺北市信義區松仁路3號9樓,李青蔚,(02)87897728#7728,wei@mail.pcc.gov.tw,公共工程金質獎頒發作業要點,114/01/01,115/12/31,本會第1130301156號簽,
80037015,雄風工程顧問有限公司,臺中市西屯區寶慶街31號,3.60,行政院公共工程委員會,臺北市信義區松仁路3號9樓,李青蔚,(02)87897728#7728,wei@mail.pcc.gov.tw,公共工程金質獎頒發作業要點,114/01/01,115/12/31,本會第1130301156號簽,
28044036,見安營造股份有限公司,臺中市北區五權路375號9樓,3.60,行政院公共工程委員會,臺北市信義區松仁路3號9樓,李青蔚,(02)87897728#7728,wei@mail.pcc.gov.tw,公共工程金質獎頒發作業要點,114/01/01,115/12/31,本會第1130301156號簽,
2*****,沈岑駿建築師事務所,高雄市鼓山區龍水二路109號17樓,3.60,行政院公共工程委員會,臺北市信義區松仁路3號9樓,李青蔚,(02)87897728#7728,wei@mail.pcc.gov.tw,公共工程金質獎頒發作業要點,114/01/01,115/12/31,本會第1130301156號簽,
17712088,陳永川建築師事務所,臺中市大里區中湖路22號,3.60,行政院公共工程委員會,臺北市信義區松仁路3號9樓,李青蔚,(02)87897728#7728,wei@mail.pcc.gov.tw,公共工程金質獎頒發作業要點,114/01/01,115/12/31,本會第1130301156號簽,
14939652,王正源建築師事務所,新北市中和區中和路366號5樓之2,3.60,行政院公共工程委員會,臺北市信義區松仁路3號9樓,李青蔚,(02)87897728#7728,wei@mail.pcc.gov.tw,公共工程金質獎頒發作業要點,114/01/01,115/12/31,本會第1130301156號簽,
84376938,國昌股份有限公司,桃園市中壢區榮安五街107號,3.60,行政院公共工程委員會,臺北市信義區松仁路3號9樓,李青蔚,(02)87897728#7728,wei@mail.pcc.gov.tw,公共工程金質獎頒發作業要點,114/01/01,115/12/31,本會第1130301156號簽,
16500760,季橋工程有限公司,新北市新店區北新路二段29巷3弄10號3樓,3.60,行政院公共工程委員會,臺北市信義區松仁路3號9樓,李青蔚,(02)87897728#7728,wei@mail.pcc.gov.tw,公共工程金質獎頒發作業要點,114/01/01,115/12/31,本會第1130301156號簽,
61786501,旺邦營造股份有限公司,新北市新莊區新北大道三段3號10樓,3.60,行政院公共工程委員會,臺北市信義區松仁路3號9樓,李青蔚,(02)87897728#7728,wei@mail.pcc.gov.tw,公共工程金質獎頒發作業要點,114/01/01,115/12/31,本會第1130301156號簽,
10348254,陳聖中建築師事務所,台北市大安區敦化南路二段92號4樓,3.60,行政院公共工程委員會,臺北市信義區松仁路3號9樓,李青蔚,(02)87897728#7728,wei@mail.pcc.gov.tw,公共工程金質獎頒發作業要點,114/01/01,115/12/31,本會第1130301156號簽,
11332202,東元電機股份有限公司,台北市南港區三重路19-9號5F,3.60,行政院公共工程委員會,臺北市信義區松仁路3號9樓,李青蔚,(02)87897728#7728,wei@mail.pcc.gov.tw,公共工程金質獎頒發作業要點,114/01/01,115/12/31,本會第1130301156號簽,
34561297,豐譽營造股份有限公司,新北市新店區民權路108-2號8樓,3.60,行政院公共工程委員會,臺北市信義區松仁路3號9樓,李青蔚,(02)87897728#7728,wei@mail.pcc.gov.tw,公共工程金質獎頒發作業要點,114/01/01,115/12/31,本會第1130301156號簽,
6*****,九典聯合建築師事務所（郭英釗建築師）,台北市中山區中山北路三段47號8樓,3.60,行政院公共工程委員會,臺北市信義區松仁路3號9樓,李青蔚,(02)87897728#7728,wei@mail.pcc.gov.tw,公共工程金質獎頒發作業要點,114/01/01,115/12/31,本會第1130301156號簽,
47254476,雙喜營造股份有限公司,臺北市信義區忠孝東路五段508號22-2,3.60,行政院公共工程委員會,臺北市信義區松仁路3號9樓,李青蔚,(02)87897728#7728,wei@mail.pcc.gov.tw,公共工程金質獎頒發作業要點,114/01/01,115/12/31,本會第1130301156號簽,
01050007,孫文郁建築師事務所,台北市松山區光復南路65號7樓,3.60,行政院公共工程委員會,臺北市信義區松仁路3號9樓,李青蔚,(02)87897728#7728,wei@mail.pcc.gov.tw,公共工程金質獎頒發作業要點,114/01/01,115/12/31,本會第1130301156號簽,
19342983,境向聯合建築師事務所,台北市中山區中山北路三段47號7樓,3.60,行政院公共工程委員會,臺北市信義區松仁路3號9樓,李青蔚,(02)87897728#7728,wei@mail.pcc.gov.tw,公共工程金質獎頒發作業要點,114/01/01,115/12/31,本會第1130301156號簽,
53962687,晨發營造有限公司,嘉義市頂寮里立仁路342之1號1樓,3.60,行政院公共工程委員會,臺北市信義區松仁路3號9樓,李青蔚,(02)87897728#7728,wei@mail.pcc.gov.tw,公共工程金質獎頒發作業要點,114/01/01,115/12/31,本會第1130301156號簽,
47781049,沈明信聯合土木技師事務所,嘉義市西區玉山路158巷91號,3.60,行政院公共工程委員會,臺北市信義區松仁路3號9樓,李青蔚,(02)87897728#7728,wei@mail.pcc.gov.tw,公共工程金質獎頒發作業要點,114/01/01,115/12/31,本會第1130301156號簽,
16367398,宇正營造有限公司,南投縣南投市營盤路151巷79弄23號,3.60,行政院公共工程委員會,臺北市信義區松仁路3號9樓,李青蔚,(02)87897728#7728,wei@mail.pcc.gov.tw,公共工程金質獎頒發作業要點,114/01/01,115/12/31,本會第1130301156號簽,
28316825,宇真工程顧問有限公司,臺南市歸仁區民權八街59號三樓,3.60,行政院公共工程委員會,臺北市信義區松仁路3號9樓,李青蔚,(02)87897728#7728,wei@mail.pcc.gov.tw,公共工程金質獎頒發作業要點,114/01/01,115/12/31,本會第1130301156號簽,
22667767,勝暉營造有限公司,臺中市西區五權五街118號,3.60,行政院公共工程委員會,臺北市信義區松仁路3號9樓,李青蔚,(02)87897728#7728,wei@mail.pcc.gov.tw,公共工程金質獎頒發作業要點,114/01/01,115/12/31,本會第1130301156號簽,
54064867,鎰發營造科技有限公司,高雄市路竹區中興路137 號,3.60,行政院公共工程委員會,臺北市信義區松仁路3號9樓,李青蔚,(02)87897728#7728,wei@mail.pcc.gov.tw,公共工程金質獎頒發作業要點,114/01/01,115/12/31,本會第1130301156號簽,
28159281,黃苑景觀設計顧問有限公司,高雄市三民區裕誠路62-5 號6 樓,3.60,行政院公共工程委員會,臺北市信義區松仁路3號9樓,李青蔚,(02)87897728#7728,wei@mail.pcc.gov.tw,公共工程金質獎頒發作業要點,114/01/01,115/12/31,本會第1130301156號簽,
52607534,基元營造有限公司,臺中市烏日區環河路4段260號,3.60,行政院公共工程委員會,臺北市信義區松仁路3號9樓,李青蔚,(02)87897728#7728,wei@mail.pcc.gov.tw,公共工程金質獎頒發作業要點,114/01/01,115/12/31,本會第1130301156號簽,
86851459,怡興工程顧問有限公司,台北市大安區羅斯福路3段277號8樓B,3.60,行政院公共工程委員會,臺北市信義區松仁路3號9樓,李青蔚,(02)87897728#7728,wei@mail.pcc.gov.tw,公共工程金質獎頒發作業要點,114/01/01,115/12/31,本會第1130301156號簽,
12533071,豐順營造股份有限公司,臺北市中山區中山北路三段49號2樓,3.60,行政院公共工程委員會,臺北市信義區松仁路3號9樓,李青蔚,(02)87897728#7728,wei@mail.pcc.gov.tw,公共工程金質獎頒發作業要點,114/01/01,115/12/31,本會第1130301156號簽,
04264313,集美工程顧問股份有限公司,新北市樹林區中山路三段163巷7號5樓,3.60,行政院公共工程委員會,臺北市信義區松仁路3號9樓,李青蔚,(02)87897728#7728,wei@mail.pcc.gov.tw,公共工程金質獎頒發作業要點,114/01/01,115/12/31,本會第1130301156號簽,
69706659,宏華營造股份有限公司,台南市佳里區忠孝東路55巷1號1樓,3.60,行政院公共工程委員會,臺北市信義區松仁路3號9樓,李青蔚,(02)87897728#7728,wei@mail.pcc.gov.tw,公共工程金質獎頒發作業要點,114/01/01,115/12/31,本會第1130301156號簽,
91888619,國統國際股份有限公司,臺南市楠西區水庫路265號,3.60,行政院公共工程委員會,臺北市信義區松仁路3號9樓,李青蔚,(02)87897728#7728,wei@mail.pcc.gov.tw,公共工程金質獎頒發作業要點,114/01/01,115/12/31,本會第1130301156號簽,
84124259,中興工程顧問股份有限公司,台北市松山區南京東路五段171號14樓,3.60,行政院公共工程委員會,臺北市信義區松仁路3號9樓,李青蔚,(02)87897728#7728,wei@mail.pcc.gov.tw,公共工程金質獎頒發作業要點,114/01/01,115/12/31,本會第1130301156號簽,
85119628,虹暘營造有限公司,宜蘭縣五結鄉中正路二段8號4樓,3.60,行政院公共工程委員會,臺北市信義區松仁路3號9樓,李青蔚,(02)87897728#7728,wei@mail.pcc.gov.tw,公共工程金質獎頒發作業要點,114/01/01,115/12/31,本會第1130301156號簽,
53703182,昇暉工程顧問有限公司,新北市樹林區樹德街109號5樓,3.60,行政院公共工程委員會,臺北市信義區松仁路3號9樓,李青蔚,(02)87897728#7728,wei@mail.pcc.gov.tw,公共工程金質獎頒發作業要點,114/01/01,115/12/31,本會第1130301156號簽,
70726168,瑞健營造有限公司,新北市板橋區重慶路276之5號3樓,3.60,行政院公共工程委員會,臺北市信義區松仁路3號9樓,李青蔚,(02)87897728#7728,wei@mail.pcc.gov.tw,公共工程金質獎頒發作業要點,114/01/01,115/12/31,本會第1130301156號簽,
16373482,杜風工程服務股份有限公司,新北市淡水區中正東路2段27之7號17樓,3.60,行政院公共工程委員會,臺北市信義區松仁路3號9樓,李青蔚,(02)87897728#7728,wei@mail.pcc.gov.tw,公共工程金質獎頒發作業要點,114/01/01,115/12/31,本會第1130301156號簽,
53270410,駿宗營造股份有限公司,臺中市烏日區信義街381巷12號一樓,3.60,行政院公共工程委員會,臺北市信義區松仁路3號9樓,李青蔚,(02)87897728#7728,wei@mail.pcc.gov.tw,公共工程金質獎頒發作業要點,114/01/01,115/12/31,本會第1130301156號簽,
53985696,鼎晟工程顧問有限公司,臺中市烏日區三榮路一段171號,3.60,行政院公共工程委員會,臺北市信義區松仁路3號9樓,李青蔚,(02)87897728#7728,wei@mail.pcc.gov.tw,公共工程金質獎頒發作業要點,114/01/01,115/12/31,本會第1130301156號簽,
97338275,麗耀營造股份有限公司,臺中市北屯區東山里華陽巷8弄5號,3.60,行政院公共工程委員會,臺北市信義區松仁路3號9樓,李青蔚,(02)87897728#7728,wei@mail.pcc.gov.tw,公共工程金質獎頒發作業要點,114/01/01,115/12/31,本會第1130301156號簽,
22220892,劦盛工程顧問有限公司,臺中市北區忠明路424號6樓之2,3.60,行政院公共工程委員會,臺北市信義區松仁路3號9樓,李青蔚,(02)87897728#7728,wei@mail.pcc.gov.tw,公共工程金質獎頒發作業要點,114/01/01,115/12/31,本會第1130301156號簽,
24354214,欣鴻營造有限公司,桃園市大溪區文化路85-6號7樓,3.60,行政院公共工程委員會,臺北市信義區松仁路3號9樓,李青蔚,(02)87897728#7728,wei@mail.pcc.gov.tw,公共工程金質獎頒發作業要點,114/01/01,115/12/31,本會第1130301156號簽,
65644510,佺葉工程顧問有限公司,新北市中和區中正路500號3樓,3.60,行政院公共工程委員會,臺北市信義區松仁路3號9樓,李青蔚,(02)87897728#7728,wei@mail.pcc.gov.tw,公共工程金質獎頒發作業要點,114/01/01,115/12/31,本會第1130301156號簽,
84965983,上溢營造股份有限公司,新北市三重區慈愛街121號,3.60,行政院公共工程委員會,臺北市信義區松仁路3號9樓,李青蔚,(02)87897728#7728,wei@mail.pcc.gov.tw,公共工程金質獎頒發作業要點,114/01/01,115/12/31,本會第1130301156號簽,
53766411,勤毅工程顧問有限公司,新北市中和區中山路二段332巷61號8樓,3.60,行政院公共工程委員會,臺北市信義區松仁路3號9樓,李青蔚,(02)87897728#7728,wei@mail.pcc.gov.tw,公共工程金質獎頒發作業要點,114/01/01,115/12/31,本會第1130301156號簽,
03210607,利德工程股份有限公司,台北市中正區館前路20號9樓,3.60,行政院公共工程委員會,臺北市信義區松仁路3號9樓,李青蔚,(02)87897728#7728,wei@mail.pcc.gov.tw,公共工程金質獎頒發作業要點,114/01/01,115/12/31,本會第1130301156號簽,
97586963,黎明工程顧問股份有限公司,台中市南屯區大墩十七街137號3樓,3.60,行政院公共工程委員會,臺北市信義區松仁路3號9樓,李青蔚,(02)87897728#7728,wei@mail.pcc.gov.tw,公共工程金質獎頒發作業要點,114/01/01,115/12/31,本會第1130301156號簽,
03477008,新高建設股份有限公司,臺北市大安區敦化南路一段314號7樓,3.60,行政院公共工程委員會,臺北市信義區松仁路3號9樓,李青蔚,(02)87897728#7728,wei@mail.pcc.gov.tw,公共工程金質獎頒發作業要點,114/01/01,115/12/31,本會第1130301156號簽,
14058565,林同棪工程顧問股份有限公司,臺北市大安區仁愛路三段136號12樓,3.60,行政院公共工程委員會,臺北市信義區松仁路3號9樓,李青蔚,(02)87897728#7728,wei@mail.pcc.gov.tw,公共工程金質獎頒發作業要點,114/01/01,115/12/31,本會第1130301156號簽,
75094900,中華工程股份有限公司,臺北市松山區東興路12號6樓,3.60,行政院公共工程委員會,臺北市信義區松仁路3號9樓,李青蔚,(02)87897728#7728,wei@mail.pcc.gov.tw,公共工程金質獎頒發作業要點,114/01/01,115/12/31,本會第1130301156號簽,
28412550,台灣世曦工程顧問股份有限公司,臺北市內湖區陽光街323號,3.60,行政院公共工程委員會,臺北市信義區松仁路3號9樓,李青蔚,(02)87897728#7728,wei@mail.pcc.gov.tw,公共工程金質獎頒發作業要點,114/01/01,115/12/31,本會第1130301156號簽,
28621901,俊鼎機械廠股份有限公司,高雄市三民區博愛一路366號20樓,3.60,行政院公共工程委員會,臺北市信義區松仁路3號9樓,李青蔚,(02)87897728#7728,wei@mail.pcc.gov.tw,公共工程金質獎頒發作業要點,114/01/01,115/12/31,本會第1130301156號簽,
45910546,瑞助營造股份有限公司,臺中市西區台灣大道二段220號36樓,3.60,行政院公共工程委員會,臺北市信義區松仁路3號9樓,李青蔚,(02)87897728#7728,wei@mail.pcc.gov.tw,公共工程金質獎頒發作業要點,114/01/01,115/12/31,本會第1130301156號簽,
01020193,閻辰昌建築師事務所,臺北市松山區南京東路四段一號六樓,3.60,行政院公共工程委員會,臺北市信義區松仁路3號9樓,李青蔚,(02)87897728#7728,wei@mail.pcc.gov.tw,公共工程金質獎頒發作業要點,114/01/01,115/12/31,本會第1130301156號簽,
22748868,金怡合企業股份有限公司,臺北市中山區松江路362巷82號3樓,3.60,行政院公共工程委員會,臺北市信義區松仁路3號9樓,李青蔚,(02)87897728,wei@mail.pcc.gov.tw,公共工程金質獎頒發作業要點,114/01/01,115/12/31,第1130301156號簽,原機關傳輸廠商代碼有誤，於114年4月14日修正
29024522,誠蓄工程顧問股份有限公司,台北市士林區中山北路5段689號6樓,3.60,行政院公共工程委員會,臺北市信義區松仁路3號9樓,李青蔚,(02)87897728#7728,wei@mail.pcc.gov.tw,公共工程金質獎頒發作業要點,114/01/01,115/12/31,本會第1130301156號簽,
84417537,泰創工程股份有限公司,新北市中和區建康路158號10樓,3.60,行政院公共工程委員會,臺北市信義區松仁路3號9樓,李青蔚,(02)87897728#7728,wei@mail.pcc.gov.tw,公共工程金質獎頒發作業要點,114/01/01,115/12/31,本會第1130301156號簽,
55656776,久年營造股份有限公司,台北市大安區忠孝東路三段6號2樓,3.60,行政院公共工程委員會,臺北市信義區松仁路3號9樓,李青蔚,(02)87897728#7728,wei@mail.pcc.gov.tw,公共工程金質獎頒發作業要點,114/01/01,115/12/31,本會第1130301156號簽,
81591011,大元聯合建築師事務所,台北市松山區敦化北路168號11樓,3.60,行政院公共工程委員會,臺北市信義區松仁路3號9樓,李青蔚,(02)87897728#7728,wei@mail.pcc.gov.tw,公共工程金質獎頒發作業要點,114/01/01,115/12/31,本會第1130301156號簽,
16182603,總福營造有限公司,南投縣草屯鎮民生路91號,3.60,行政院公共工程委員會,臺北市信義區松仁路3號9樓,李青蔚,(02)87897728#7728,wei@mail.pcc.gov.tw,公共工程金質獎頒發作業要點,114/01/01,115/12/31,本會第1130301156號簽,
13057666,亞際工程技術顧問有限公司,臺中市大里區國光路二段252 號1樓,3.60,行政院公共工程委員會,臺北市信義區松仁路3號9樓,李青蔚,(02)87897728#7728,wei@mail.pcc.gov.tw,公共工程金質獎頒發作業要點,114/01/01,115/12/31,本會第1130301156號簽,
53064328,漢彪營造有限公司,嘉義市西區湖美一路2-2號,3.60,行政院公共工程委員會,臺北市信義區松仁路3號9樓,李青蔚,(02)87897728#7728,wei@mail.pcc.gov.tw,公共工程金質獎頒發作業要點,114/01/01,115/12/31,本會第1130301156號簽,
28341628,禹安工程顧問股份有限公司,臺中市西區台灣大道二段309號12樓之1,3.60,行政院公共工程委員會,臺北市信義區松仁路3號9樓,李青蔚,(02)87897728#7728,wei@mail.pcc.gov.tw,公共工程金質獎頒發作業要點,114/01/01,115/12/31,本會第1130301156號簽,
84823991,北翰營造有限公司,新北市三重區五華街93巷101號3樓,3.60,行政院公共工程委員會,臺北市信義區松仁路3號9樓,李青蔚,(02)87897728#7728,wei@mail.pcc.gov.tw,公共工程金質獎頒發作業要點,114/01/01,115/12/31,本會第1130301156號簽,
28722892,和建工程顧問股份有限公司,新北市三重區溪尾街92號7樓,3.60,行政院公共工程委員會,臺北市信義區松仁路3號9樓,李青蔚,(02)87897728#7728,wei@mail.pcc.gov.tw,公共工程金質獎頒發作業要點,114/01/01,115/12/31,本會第1130301156號簽,
86420277,稻田營造有限公司,臺北市信義區嘉興街175巷2弄16號1樓,3.60,行政院公共工程委員會,臺北市信義區松仁路3號9樓,李青蔚,(02)87897728#7728,wei@mail.pcc.gov.tw,公共工程金質獎頒發作業要點,114/01/01,115/12/31,本會第1130301156號簽,
80178160,盛禹工程顧問有限公司,新北市中和區福祥路72號2樓之8,3.60,行政院公共工程委員會,臺北市信義區松仁路3號9樓,李青蔚,(02)87897728#7728,wei@mail.pcc.gov.tw,公共工程金質獎頒發作業要點,114/01/01,115/12/31,本會第1130301156號簽,
27986728,中棪工程顧問股份有限公司,臺北市大安區仁愛路三段12樓1202室,3.60,行政院公共工程委員會,臺北市信義區松仁路3號9樓,李青蔚,(02)87897728#7728,wei@mail.pcc.gov.tw,公共工程金質獎頒發作業要點,114/01/01,115/12/31,本會第1130301156號簽,
23781695,尚鼎營造工程股份有限公司,高雄市苓雅區中正一路249號8樓之2,3.60,行政院公共工程委員會,臺北市信義區松仁路3號9樓,李青蔚,(02)87897728#7728,wei@mail.pcc.gov.tw,公共工程金質獎頒發作業要點,114/01/01,115/12/31,本會第1130301156號簽,
27339005,浩海工程顧問股份有限公司,臺北市大安區溫州街14號6樓,3.60,行政院公共工程委員會,臺北市信義區松仁路3號9樓,李青蔚,(02)87897728#7728,wei@mail.pcc.gov.tw,公共工程金質獎頒發作業要點,114/01/01,115/12/31,本會第1130301156號簽,
84482760,陸航科技工程顧問有限公司,臺北市松山區南京東路五段56號10樓之1,3.60,行政院公共工程委員會,臺北市信義區松仁路3號9樓,李青蔚,(02)87897728#7728,wei@mail.pcc.gov.tw,公共工程金質獎頒發作業要點,114/01/01,115/12/31,本會第1130301156號簽,
89982791,義力營造股份有限公司,雲林縣西螺鎮大橋南路236號對面,3.60,行政院公共工程委員會,臺北市信義區松仁路3號9樓,李青蔚,(02)87897728#7728,wei@mail.pcc.gov.tw,公共工程金質獎頒發作業要點,114/01/01,115/12/31,本會第1130301156號簽,
28412550,台灣世曦工程顧問股份有限公司,台北市內湖區陽光街323號,A.17,勞動部,新北市新莊區中平路439號南棟11樓,王光畇,(02)89956666#8300,bobo0956@osha.gov.tw,推動職業安全衛生優良工程金安獎選拔作業要點,114/11/14,115/11/13,勞職授字第1140254581號,114年度「推動職業安全衛生優良公共工程及人員選拔」
96796033,廷暉工程顧問有限公司,新北市永和區保福路一段52號1樓,A.17,勞動部,新北市新莊區中平路439號南棟11樓,王光畇,(02)89956666#8300,bobo0956@osha.gov.tw,推動職業安全衛生優良工程金安獎選拔作業要點,114/11/14,115/11/13,勞職授字第1140254581號,114年度「推動職業安全衛生優良公共工程及人員選拔」
16182603,總福營造有限公司,南投縣草屯鎮民生路 91號,A.17,勞動部,新北市新莊區中平路439號南棟11樓,王光畇,(02)89956666#8300,bobo0956@osha.gov.tw,推動職業安全衛生優良工程金安獎選拔作業要點,114/11/14,115/11/13,勞職授字第1140254581號,114年度「推動職業安全衛生優良公共工程及人員選拔」
85038225,聚大工程顧問有限公司,台中市南屯區南屯路二段408號9樓之1,A.17,勞動部,新北市新莊區中平路439號南棟11樓,王光畇,(02)89956666#8300,bobo0956@osha.gov.tw,推動職業安全衛生優良工程金安獎選拔作業要點,114/11/14,115/11/13,勞職授字第1140254581號,114年度「推動職業安全衛生優良公共工程及人員選拔」
89254499,五湖四海營造股份有限公司,台中市西屯區市政南一路369號,A.17,勞動部,新北市新莊區中平路439號南棟11樓,王光畇,(02)89956666#8300,bobo0956@osha.gov.tw,推動職業安全衛生優良工程金安獎選拔作業要點,114/11/14,115/11/13,勞職授字第1140254581號,114年度「推動職業安全衛生優良公共工程及人員選拔」
04267141,安倉營造股份有限公司,臺北市中山區松江路223號6樓,A.17,勞動部,新北市新莊區中平路439號南棟11樓,王光畇,(02)89956666#8300,bobo0956@osha.gov.tw,推動職業安全衛生優良工程金安獎選拔作業要點,114/11/14,115/11/13,勞職授字第1140254581號,114年度「推動職業安全衛生優良公共工程及人員選拔」
80178160,盛禹工程顧問有限公司,新北市中和區福祥路72號2樓之8,A.17,勞動部,新北市新莊區中平路439號南棟11樓,王光畇,(02)89956666#8300,bobo0956@osha.gov.tw,推動職業安全衛生優良工程金安獎選拔作業要點,114/11/14,115/11/13,勞職授字第1140254581號,114年度「推動職業安全衛生優良公共工程及人員選拔」
84124259,中興工程顧問股份有限公司,臺北市松山區南京東路五段171號14樓,A.17,勞動部,新北市新莊區中平路439號南棟11樓,王光畇,(02)89956666#8300,bobo0956@osha.gov.tw,推動職業安全衛生優良工程金安獎選拔作業要點,114/11/14,115/11/13,勞職授字第1140254581號,114年度「推動職業安全衛生優良公共工程及人員選拔」
94841076,三星營造股份有限公司,台北市大同區承德路三段232號6樓,A.17,勞動部,新北市新莊區中平路439號南棟11樓,王光畇,(02)89956666#8300,bobo0956@osha.gov.tw,推動職業安全衛生優良工程金安獎選拔作業要點,114/11/14,115/11/13,勞職授字第1140254581號,114年度「推動職業安全衛生優良公共工程及人員選拔」
17153253,郭恆成建築師事務所,臺北市中山區林森北路432號10樓,A.17,勞動部,新北市新莊區中平路439號南棟11樓,王光畇,(02)89956666#8300,bobo0956@osha.gov.tw,推動職業安全衛生優良工程金安獎選拔作業要點,114/11/14,115/11/13,勞職授字第1140254581號,114年度「推動職業安全衛生優良公共工程及人員選拔」
08626674,高世銘建築師事務所,臺北市大安區安和路一段39號2F,A.17,勞動部,新北市新莊區中平路439號南棟11樓,王光畇,(02)89956666#8300,bobo0956@osha.gov.tw,推動職業安全衛生優良工程金安獎選拔作業要點,114/11/14,115/11/13,勞職授字第1140254581號,114年度「推動職業安全衛生優良公共工程及人員選拔」
22132814,德昌營造股份有限公司,臺中市北區五常里五權路 401 之 1 號,A.17,勞動部,新北市新莊區中平路439號南棟11樓,王光畇,(02)89956666#8300,bobo0956@osha.gov.tw,推動職業安全衛生優良工程金安獎選拔作業要點,114/11/14,115/11/13,勞職授字第1140254581號,114年度「推動職業安全衛生優良公共工程及人員選拔」
04723653,亞新工程顧問股份有限公司,新北市汐止區新台五路1段112號22樓,A.17,勞動部,新北市新莊區中平路439號南棟11樓,王光畇,(02)89956666#8300,bobo0956@osha.gov.tw,推動職業安全衛生優良工程金安獎選拔作業要點,114/11/14,115/11/13,勞職授字第1140254581號,114年度「推動職業安全衛生優良公共工程及人員選拔」
14058565,林同棪工程顧問股份有限公司,臺北市大安區仁愛路 3段 136 號 12 樓,A.17,勞動部,新北市新莊區中平路439號南棟11樓,王光畇,(02)89956666#8300,bobo0956@osha.gov.tw,推動職業安全衛生優良工程金安獎選拔作業要點,114/11/14,115/11/13,勞職授字第1140254581號,114年度「推動職業安全衛生優良公共工程及人員選拔」
23501126,旭鋒營造有限公司,嘉義縣中埔鄉富收村庄內 1 之 5 號,A.17,勞動部,新北市新莊區中平路439號南棟11樓,王光畇,(02)89956666#8300,bobo0956@osha.gov.tw,推動職業安全衛生優良工程金安獎選拔作業要點,114/11/14,115/11/13,勞職授字第1140254581號,114年度「推動職業安全衛生優良公共工程及人員選拔」
80077418,源隆技術顧問有限公司,雲林縣斗六市大同路300-17號,A.17,勞動部,新北市新莊區中平路439號南棟11樓,王光畇,(02)89956666#8300,bobo0956@osha.gov.tw,推動職業安全衛生優良工程金安獎選拔作業要點,114/11/14,115/11/13,勞職授字第1140254581號,114年度「推動職業安全衛生優良公共工程及人員選拔」
84965962,明陽營造有限公司,台東縣台東市南一街137號,A.17,勞動部,新北市新莊區中平路439號南棟11樓,王光畇,(02)89956666#8300,bobo0956@osha.gov.tw,推動職業安全衛生優良工程金安獎選拔作業要點,114/11/14,115/11/13,勞職授字第1140254581號,114年度「推動職業安全衛生優良公共工程及人員選拔」
28349620,森堡工程技術顧問有限公司,臺中市南屯區豐樂里向心南路 731 號 2 樓,A.17,勞動部,新北市新莊區中平路439號南棟11樓,王光畇,(02)89956666#8300,bobo0956@osha.gov.tw,推動職業安全衛生優良工程金安獎選拔作業要點,114/11/14,115/11/13,勞職授字第1140254581號,114年度「推動職業安全衛生優良公共工程及人員選拔」
16524046,允薪營造有限公司,苗栗縣苑裡鎮中正里3鄰79-3號,A.17,勞動部,新北市新莊區中平路439號南棟11樓,王光畇,(02)89956666#8300,bobo0956@osha.gov.tw,推動職業安全衛生優良工程金安獎選拔作業要點,114/11/14,115/11/13,勞職授字第1140254581號,114年度「推動職業安全衛生優良公共工程及人員選拔」
12822733,山河工程顧問有限公司,台中市南區學府路168巷16號,A.17,勞動部,新北市新莊區中平路439號南棟11樓,王光畇,(02)89956666#8300,bobo0956@osha.gov.tw,推動職業安全衛生優良工程金安獎選拔作業要點,114/11/14,115/11/13,勞職授字第1140254581號,114年度「推動職業安全衛生優良公共工程及人員選拔」
54817249,勇翔營造有限公司,新竹縣寶山鄉雙園路二段323號,A.17,勞動部,新北市新莊區中平路439號南棟11樓,王光畇,(02)89956666#8300,bobo0956@osha.gov.tw,推動職業安全衛生優良工程金安獎選拔作業要點,114/11/14,115/11/13,勞職授字第1140254581號,114年度「推動職業安全衛生優良公共工程及人員選拔」
85892495,瑞鋒營造股份有限公司,高雄市左營區富國路185號9樓之1,A.17,勞動部,新北市新莊區中平路439號南棟11樓,王光畇,(02)89956666#8300,bobo0956@osha.gov.tw,推動職業安全衛生優良工程金安獎選拔作業要點,114/11/14,115/11/13,勞職授字第1140254581號,114年度「推動職業安全衛生優良公共工程及人員選拔」
13057666,亞際工程技術顧問有限公司,臺中市大里區國光路二段252號,A.17,勞動部,新北市新莊區中平路439號南棟11樓,王光畇,(02)89956666#8300,bobo0956@osha.gov.tw,推動職業安全衛生優良工程金安獎選拔作業要點,114/11/14,115/11/13,勞職授字第1140254581號,114年度「推動職業安全衛生優良公共工程及人員選拔」
25020313,鴻捷營造有限公司,雲林縣麥寮鄉華興路13巷4號1樓,A.17,勞動部,新北市新莊區中平路439號南棟11樓,王光畇,(02)89956666#8300,bobo0956@osha.gov.tw,推動職業安全衛生優良工程金安獎選拔作業要點,114/11/14,115/11/13,勞職授字第1140254581號,114年度「推動職業安全衛生優良公共工程及人員選拔」
97586963,黎明工程顧問股份有限公司,臺中市南屯區大墩十七街137號3樓,A.17,勞動部,新北市新莊區中平路439號南棟11樓,王光畇,(02)89956666#8300,bobo0956@osha.gov.tw,推動職業安全衛生優良工程金安獎選拔作業要點,114/11/14,115/11/13,勞職授字第1140254581號,114年度「推動職業安全衛生優良公共工程及人員選拔」
23317276,巨廷工程顧問股份有限公司,臺北市中山區南京東路3 段 215 號 2 樓,A.17,勞動部,新北市新莊區中平路439號南棟11樓,王光畇,(02)89956666#8300,bobo0956@osha.gov.tw,推動職業安全衛生優良工程金安獎選拔作業要點,114/11/14,115/11/13,勞職授字第1140254581號,114年度「推動職業安全衛生優良公共工程及人員選拔」
86964812,威勝營造有限公司,苗栗縣苗栗市水源里陽明129 號 3 樓之 2,A.17,勞動部,新北市新莊區中平路439號南棟11樓,王光畇,(02)89956666#8300,bobo0956@osha.gov.tw,推動職業安全衛生優良工程金安獎選拔作業要點,114/11/14,115/11/13,勞職授字第1140254581號,114年度「推動職業安全衛生優良公共工程及人員選拔」
23824272,美商美聯科技股份有限公司台灣分公司,台北市松山區南京東路三段208號8樓,A.17,勞動部,新北市新莊區中平路439號南棟11樓,王光畇,(02)89956666#8300,bobo0956@osha.gov.tw,推動職業安全衛生優良工程金安獎選拔作業要點,114/11/14,115/11/13,勞職授字第1140254581號,114年度「推動職業安全衛生優良公共工程及人員選拔」
16987284,麒瑞營造股份有限公司,桃園市楊梅區金溪里迎旭三街 13 之 5 號,A.17,勞動部,新北市新莊區中平路439號南棟11樓,王光畇,(02)89956666#8300,bobo0956@osha.gov.tw,推動職業安全衛生優良工程金安獎選拔作業要點,114/11/14,115/11/13,勞職授字第1140254581號,114年度「推動職業安全衛生優良公共工程及人員選拔」
34198115,宜鋒營造工程有限公司,新北市永和區福和路99號5樓之3,A.17,勞動部,新北市新莊區中平路439號南棟11樓,王光畇,(02)89956666#8300,bobo0956@osha.gov.tw,推動職業安全衛生優良工程金安獎選拔作業要點,114/11/14,115/11/13,勞職授字第1140254581號,114年度「推動職業安全衛生優良公共工程及人員選拔」
53353798,華光工程顧問有限公司,台北市內湖區陽光街383號2樓,A.17,勞動部,新北市新莊區中平路439號南棟11樓,王光畇,(02)89956666#8300,bobo0956@osha.gov.tw,推動職業安全衛生優良工程金安獎選拔作業要點,114/11/14,115/11/13,勞職授字第1140254581號,114年度「推動職業安全衛生優良公共工程及人員選拔」
28044036,見安營造股份有限公司,臺中市北區五權路 375號 9 樓,A.17,勞動部,新北市新莊區中平路439號南棟11樓,王光畇,(02)89956666#8300,bobo0956@osha.gov.tw,推動職業安全衛生優良工程金安獎選拔作業要點,114/11/14,115/11/13,勞職授字第1140254581號,114年度「推動職業安全衛生優良公共工程及人員選拔」
60289420,麗明營造股份有限公司,台中市西屯區府會園道169號4F,A.17,勞動部,新北市新莊區中平路439號南棟11樓,王光畇,(02)89956666#8300,bobo0956@osha.gov.tw,推動職業安全衛生優良工程金安獎選拔作業要點,114/11/14,115/11/13,勞職授字第1140254581號,114年度「推動職業安全衛生優良公共工程及人員選拔」
47538273,賴銘昌建築師事務所,台中市西區忠明南路270號15樓之2,A.17,勞動部,新北市新莊區中平路439號南棟11樓,王光畇,(02)89956666#8300,bobo0956@osha.gov.tw,推動職業安全衛生優良工程金安獎選拔作業要點,114/11/14,115/11/13,勞職授字第1140254581號,114年度「推動職業安全衛生優良公共工程及人員選拔」
86641969,大將作聯合建築師事務所,台中市北區館前路19號11樓之1,A.17,勞動部,新北市新莊區中平路439號南棟11樓,王光畇,(02)89956666#8300,bobo0956@osha.gov.tw,推動職業安全衛生優良工程金安獎選拔作業要點,114/11/14,115/11/13,勞職授字第1140254581號,114年度「推動職業安全衛生優良公共工程及人員選拔」
86698478,正龍工程股份有限公司,新北市五股區五權路 2之 1 號 7 樓,A.17,勞動部,新北市新莊區中平路439號南棟11樓,王光畇,(02)89956666#8300,bobo0956@osha.gov.tw,推動職業安全衛生優良工程金安獎選拔作業要點,114/11/14,115/11/13,勞職授字第1140254581號,114年度「推動職業安全衛生優良公共工程及人員選拔」
22081688,豐譽聯合工程股份有限公司,新北市新店區民權路108-2 號 8 樓,A.17,勞動部,新北市新莊區中平路439號南棟11樓,王光畇,(02)89956666#8300,bobo0956@osha.gov.tw,推動職業安全衛生優良工程金安獎選拔作業要點,114/11/14,115/11/13,勞職授字第1140254581號,114年度「推動職業安全衛生優良公共工程及人員選拔」
19332296,九典聯合建築師事務所,台北市中山區中山北路三段 47 號 8 樓,A.17,勞動部,新北市新莊區中平路439號南棟11樓,王光畇,(02)89956666#8300,bobo0956@osha.gov.tw,推動職業安全衛生優良工程金安獎選拔作業要點,114/11/14,115/11/13,勞職授字第1140254581號,114年度「推動職業安全衛生優良公共工程及人員選拔」
82925584,英商貝泰股份有限公司台灣分公司,台北市大安區敦化南路二段 333 號 14 樓,A.17,勞動部,新北市新莊區中平路439號南棟11樓,王光畇,(02)89956666#8300,bobo0956@osha.gov.tw,推動職業安全衛生優良工程金安獎選拔作業要點,114/11/14,115/11/13,勞職授字第1140254581號,114年度「推動職業安全衛生優良公共工程及人員選拔」
23473992,巨漢系統科技股份有限公司,新竹市東區東園里中華路一段 324 號 8 樓,A.17,勞動部,新北市新莊區中平路439號南棟11樓,王光畇,(02)89956666#8300,bobo0956@osha.gov.tw,推動職業安全衛生優良工程金安獎選拔作業要點,114/11/14,115/11/13,勞職授字第1140254581號,114年度「推動職業安全衛生優良公共工程及人員選拔」
43876760,根基營造股份有限公司,臺北市大安區和平東路三段 131 號 6 樓,A.17,勞動部,新北市新莊區中平路439號南棟11樓,王光畇,(02)89956666#8300,bobo0956@osha.gov.tw,推動職業安全衛生優良工程金安獎選拔作業要點,114/11/14,115/11/13,勞職授字第1140254581號,114年度「推動職業安全衛生優良公共工程及人員選拔」
23542111,宸茂營造有限公司,新北市三重區重陽路三段192-2號14樓,A.17,勞動部,新北市新莊區中平路439號南棟11樓,王光畇,(02)89956666#8300,bobo0956@osha.gov.tw,推動職業安全衛生優良工程金安獎選拔作業要點,114/11/14,115/11/13,勞職授字第1140254581號,114年度「推動職業安全衛生優良公共工程及人員選拔」
89982791,義力營造股份有限公司,臺中市北屯區水景里軍福十一路553號1樓,3.15,交通部,臺北市中正區仁愛路一段50號,朱瑞傑,(02)23492185,jakechu@motc.gov.tw,金路獎實施要點,114/11/01,115/10/31,交通部114年10月16日交路字第11450120011號函,jakechu@motc.gov.tw
97702549,金主營造工程股份有限公司,彰化縣員林市萬年里員水路二段387號1樓,A.17,勞動部,臺北市中山區松江路207號11樓,王光畇,(02)89956666#8300,bobo0956@osha.gov.tw,推動職業安全衛生優良工程金安獎選拔作業要點,113/10/29,115/10/28,勞職授字第1130206747號,113年度「推動職業安全衛生優良公共工程及人員選拔」
28412550,台灣世曦工程顧問股份有限公司,臺北市內湖區湖元里陽光街323號,A.17,勞動部,臺北市中山區松江路207號11樓,王光畇,(02)89956666#8300,bobo0956@osha.gov.tw,推動職業安全衛生優良工程金安獎選拔作業要點,113/10/29,115/10/28,勞職授字第1130206747號,113年度「推動職業安全衛生優良公共工程及人員選拔」
05117325,遠揚營造工程股份有限公司 (Far Eastern General Contractor Inc.),臺北市大安區敦化南路二段267號5樓,A.17,勞動部,臺北市中山區松江路207號11樓,王光畇,(02)89956666#8300,bobo0956@osha.gov.tw,推動職業安全衛生優良工程金安獎選拔作業要點,113/10/29,115/10/28,勞職授字第1130206747號,113年度「推動職業安全衛生優良公共工程及人員選拔」
12533071,豐順營造股份有限公司,臺北市中山區中山北路3段49號2樓之1,A.17,勞動部,臺北市中山區松江路207號11樓,王光畇,(02)89956666#8300,bobo0956@osha.gov.tw,推動職業安全衛生優良工程金安獎選拔作業要點,113/10/29,115/10/28,勞職授字第1130206747號,113年度「推動職業安全衛生優良公共工程及人員選拔」
42965639,馬來西亞商金務大工程股份有限公司台灣分公司,臺北市松山區復興北路1號11樓之5,A.17,勞動部,臺北市中山區松江路207號11樓,王光畇,(02)89956666#8300,bobo0956@osha.gov.tw,推動職業安全衛生優良工程金安獎選拔作業要點,113/10/29,115/10/28,勞職授字第1130206747號,113年度「推動職業安全衛生優良公共工程及人員選拔」
28412550,台灣世曦工程顧問股份有限公司,臺北市內湖區湖元里陽光街323號,A.17,勞動部,臺北市中山區松江路207號11樓,王光畇,(02)89956666#8300,bobo0956@osha.gov.tw,推動職業安全衛生優良工程金安獎選拔作業要點,113/10/29,115/10/28,勞職授字第1130206747號,113年度「推動職業安全衛生優良公共工程及人員選拔」
94114202,宏義工程股份有限公司,新北市板橋區中正路80巷7之1號2樓,A.17,勞動部,臺北市中山區松江路207號11樓,王光畇,(02)89956666#8300,bobo0956@osha.gov.tw,推動職業安全衛生優良工程金安獎選拔作業要點,113/10/29,115/10/28,勞職授字第1130206747號,113年度「推動職業安全衛生優良公共工程及人員選拔」
22220892,劦盛工程顧問有限公司,臺中市北區健行里忠明路424號6樓之2,A.17,勞動部,臺北市中山區松江路207號11樓,王光畇,(02)89956666#8300,bobo0956@osha.gov.tw,推動職業安全衛生優良工程金安獎選拔作業要點,113/10/29,115/10/28,勞職授字第1130206747號,113年度「推動職業安全衛生優良公共工程及人員選拔」
94804902,松東營造股份有限公司,雲林縣水林鄉水南村埔尾路33-2號1樓,A.17,勞動部,臺北市中山區松江路207號11樓,王光畇,(02)89956666#8300,bobo0956@osha.gov.tw,推動職業安全衛生優良工程金安獎選拔作業要點,113/10/29,115/10/28,勞職授字第1130206747號,113年度「推動職業安全衛生優良公共工程及人員選拔」
04723653,"亞新工程顧問股份有限公司 (MOH AND ASSOCIATES,INC.)",新北市汐止區新台五路1段112號22樓,A.17,勞動部,臺北市中山區松江路207號11樓,王光畇,(02)89956666#8300,bobo0956@osha.gov.tw,推動職業安全衛生優良工程金安獎選拔作業要點,113/10/29,115/10/28,勞職授字第1130206747號,113年度「推動職業安全衛生優良公共工程及人員選拔」
28412550,台灣世曦工程顧問股份有限公司,臺北市內湖區湖元里陽光街323號,A.17,勞動部,臺北市中山區松江路207號11樓,王光畇,(02)89956666#8300,bobo0956@osha.gov.tw,推動職業安全衛生優良工程金安獎選拔作業要點,113/10/29,115/10/28,勞職授字第1130206747號,113年度「推動職業安全衛生優良公共工程及人員選拔」
22270392,協誠營造股份有限公司,臺中市西屯區大鵬里文心路三段241號5樓之6,A.17,勞動部,臺北市中山區松江路207號11樓,王光畇,(02)89956666#8300,bobo0956@osha.gov.tw,推動職業安全衛生優良工程金安獎選拔作業要點,113/10/29,115/10/28,勞職授字第1130206747號,113年度「推動職業安全衛生優良公共工程及人員選拔」
22220892,劦盛工程顧問有限公司,臺中市北區健行里忠明路424號6樓之2,A.17,勞動部,臺北市中山區松江路207號11樓,王光畇,(02)89956666#8300,bobo0956@osha.gov.tw,推動職業安全衛生優良工程金安獎選拔作業要點,113/10/29,115/10/28,勞職授字第1130206747號,113年度「推動職業安全衛生優良公共工程及人員選拔」
12136930,春原營造股份有限公司,臺北市中山區復興北路502號4樓之2、4樓之3,A.17,勞動部,臺北市中山區松江路207號11樓,王光畇,(02)89956666#8300,bobo0956@osha.gov.tw,推動職業安全衛生優良工程金安獎選拔作業要點,113/10/29,115/10/28,勞職授字第1130206747號,113年度「推動職業安全衛生優良公共工程及人員選拔」
86151049,建業工程顧問有限公司,臺北市中正區忠孝東路2段122號8樓,A.17,勞動部,臺北市中山區松江路207號11樓,王光畇,(02)89956666#8300,bobo0956@osha.gov.tw,推動職業安全衛生優良工程金安獎選拔作業要點,113/10/29,115/10/28,勞職授字第1130206747號,113年度「推動職業安全衛生優良公共工程及人員選拔」
53353798,華光工程顧問股份有限公司,臺北市內湖區陽光街383號2樓,A.17,勞動部,臺北市中山區松江路207號11樓,王光畇,(02)89956666#8300,bobo0956@osha.gov.tw,推動職業安全衛生優良工程金安獎選拔作業要點,113/10/29,115/10/28,勞職授字第1130206747號,113年度「推動職業安全衛生優良公共工程及人員選拔」
80101310,新舜營造有限公司,臺南市麻豆區新興里仁愛路10號之1一樓,A.17,勞動部,臺北市中山區松江路207號11樓,王光畇,(02)89956666#8300,bobo0956@osha.gov.tw,推動職業安全衛生優良工程金安獎選拔作業要點,113/10/29,115/10/28,勞職授字第1130206747號,113年度「推動職業安全衛生優良公共工程及人員選拔」
97586963,黎明工程顧問股份有限公司,臺中市南屯區大墩十七街137號3樓,A.17,勞動部,臺北市中山區松江路207號11樓,王光畇,(02)89956666#8300,bobo0956@osha.gov.tw,推動職業安全衛生優良工程金安獎選拔作業要點,113/10/29,115/10/28,勞職授字第1130206747號,113年度「推動職業安全衛生優良公共工程及人員選拔」
84124259,"中興工程顧問股份有限公司 (Sinotech Engineering Consultants, Ltd.)",臺北市松山區南京東路五段171號14樓,A.17,勞動部,臺北市中山區松江路207號11樓,王光畇,(02)89956666#8300,bobo0956@osha.gov.tw,推動職業安全衛生優良工程金安獎選拔作業要點,113/10/29,115/10/28,勞職授字第1130206747號,113年度「推動職業安全衛生優良公共工程及人員選拔」
03028404,工信工程股份有限公司,臺北市大安區市民大道四段102號8樓,A.17,勞動部,臺北市中山區松江路207號11樓,王光畇,(02)89956666#8300,bobo0956@osha.gov.tw,推動職業安全衛生優良工程金安獎選拔作業要點,113/10/29,115/10/28,勞職授字第1130206747號,113年度「推動職業安全衛生優良公共工程及人員選拔」
22428605,宇泰工程顧問有限公司,臺北市松山區南京東路5段145之1號12樓,A.17,勞動部,臺北市中山區松江路207號11樓,王光畇,(02)89956666#8300,bobo0956@osha.gov.tw,推動職業安全衛生優良工程金安獎選拔作業要點,113/10/29,115/10/28,勞職授字第1130206747號,113年度「推動職業安全衛生優良公共工程及人員選拔」
16266074,傑瀚營造有限公司,桃園市桃園區大興西路2段61號18樓,A.17,勞動部,臺北市中山區松江路207號11樓,王光畇,(02)89956666#8300,bobo0956@osha.gov.tw,推動職業安全衛生優良工程金安獎選拔作業要點,113/10/29,115/10/28,勞職授字第1130206747號,113年度「推動職業安全衛生優良公共工程及人員選拔」
54040253,都市里人規劃設計有限公司,臺北市大安區忠孝東路4段320號4樓,3.13,經濟部,臺北市中正區福州街15號,范竣程,(02)23713161#658,jcfan@moea.gov.tw,經濟部公共工程優質獎評選及獎勵作業要點,114/09/03,115/09/02,經營字第11421427520號,114年度「公共工程優質獎」 
84124259,"中興工程顧問股份有限公司 (Sinotech Engineering Consultants, Ltd.)",臺北市松山區南京東路五段171號14樓,3.13,經濟部,臺北市中正區福州街15號,范竣程,(02)23713161#658,jcfan@moea.gov.tw,經濟部公共工程優質獎評選及獎勵作業要點,114/09/03,115/09/02,經營字第11421427520號,114年度「公共工程優質獎」 
16772571,凱頓工程股份有限公司,臺北市內湖區新湖三路130號6樓,3.13,經濟部,臺北市中正區福州街15號,范竣程,(02)23713161#658,jcfan@moea.gov.tw,經濟部公共工程優質獎評選及獎勵作業要點,114/09/03,115/09/02,經營字第11421427520號,114年度「公共工程優質獎」 
97586963,黎明工程顧問股份有限公司,臺中市南屯區大墩十七街137號3樓,3.13,經濟部,臺北市中正區福州街15號,范竣程,(02)23713161#658,jcfan@moea.gov.tw,經濟部公共工程優質獎評選及獎勵作業要點,114/09/03,115/09/02,經營字第11421427520號,114年度「公共工程優質獎」 
28412550,台灣世曦工程顧問股份有限公司,臺北市內湖區湖元里陽光街323號,3.13,經濟部,臺北市中正區福州街15號,范竣程,(02)23713161#658,jcfan@moea.gov.tw,經濟部公共工程優質獎評選及獎勵作業要點,114/09/03,115/09/02,經營字第11421427520號,114年度「公共工程優質獎」 
17954058,葉世宗建築師事務所,臺南市東區中華東路三段389號14F之2,3.13,經濟部,臺北市中正區福州街15號,范竣程,(02)23713161#658,jcfan@moea.gov.tw,經濟部公共工程優質獎評選及獎勵作業要點,114/09/03,115/09/02,經營字第11421427520號,114年度「公共工程優質獎」 
33029464,中興電工機械股份有限公司,新北市中和區中正路801號3樓,3.13,經濟部,臺北市中正區福州街15號,范竣程,(02)23713161#658,jcfan@moea.gov.tw,經濟部公共工程優質獎評選及獎勵作業要點,114/09/03,115/09/02,經營字第11421427520號,114年度「公共工程優質獎」 
33284077,"華城電機股份有限公司 (Fortune  Electric  Co., Ltd.)",桃園市中壢區吉林路10號,3.13,經濟部,臺北市中正區福州街15號,范竣程,(02)23713161#658,jcfan@moea.gov.tw,經濟部公共工程優質獎評選及獎勵作業要點,114/09/03,115/09/02,經營字第11421427520號,114年度「公共工程優質獎」 
11039306,士林電機廠股份有限公司,臺北市士林區忠誠里19鄰中山北路六段88號16樓,3.13,經濟部,臺北市中正區福州街15號,范竣程,(02)23713161#658,jcfan@moea.gov.tw,經濟部公共工程優質獎評選及獎勵作業要點,114/09/03,115/09/02,經營字第11421427520號,114年度「公共工程優質獎」 
90424465,日商傑富意工程技術股份有限公司台灣分公司,臺北市中山區中山北路2段96號7樓,3.13,經濟部,臺北市中正區福州街15號,范竣程,(02)23713161#658,jcfan@moea.gov.tw,經濟部公共工程優質獎評選及獎勵作業要點,114/09/03,115/09/02,經營字第11421427520號,114年度「公共工程優質獎」 
20817282,中鼎工程股份有限公司 (CTCI CORPORATION),臺北市士林區中山北路六段89號,3.13,經濟部,臺北市中正區福州街15號,范竣程,(02)23713161#658,jcfan@moea.gov.tw,經濟部公共工程優質獎評選及獎勵作業要點,114/09/03,115/09/02,經營字第11421427520號,114年度「公共工程優質獎」 
28621901,俊鼎機械廠股份有限公司,高雄市大社區興工路5號,3.13,經濟部,臺北市中正區福州街15號,范竣程,(02)23713161#658,jcfan@moea.gov.tw,經濟部公共工程優質獎評選及獎勵作業要點,114/09/03,115/09/02,經營字第11421427520號,114年度「公共工程優質獎」 
85909968,泰洲營造股份有限公司,高雄市左營區立大路1號,3.13,經濟部,臺北市中正區福州街15號,范竣程,(02)23713161#658,jcfan@moea.gov.tw,經濟部公共工程優質獎評選及獎勵作業要點,114/09/03,115/09/02,經營字第11421427520號,114年度「公共工程優質獎」 
80101310,新舜營造有限公司,臺南市麻豆區新興里仁愛路10號之1一樓,3.13,經濟部,臺北市中正區福州街15號,范竣程,(02)23713161#658,jcfan@moea.gov.tw,經濟部公共工程優質獎評選及獎勵作業要點,114/09/03,115/09/02,經營字第11421427520號,114年度「公共工程優質獎」 
12533071,豐順營造股份有限公司,臺北市中山區中山北路3段49號2樓之1,3.13,經濟部,臺北市中正區福州街15號,范竣程,(02)23713161#658,jcfan@moea.gov.tw,經濟部公共工程優質獎評選及獎勵作業要點,114/09/03,115/09/02,經營字第11421427520號,114年度「公共工程優質獎」 
42965639,馬來西亞商金務大工程股份有限公司台灣分公司,臺北市信義區市民大道六段288號8樓之7,3.13,經濟部,臺北市中正區福州街15號,范竣程,(02)23713161#658,jcfan@moea.gov.tw,經濟部公共工程優質獎評選及獎勵作業要點,114/09/03,115/09/02,經營字第11421427520號,114年度「公共工程優質獎」 
22064421,真毅營造有限公司,高雄市鳳山區平等路55號8樓,3.13,經濟部,臺北市中正區福州街15號,范竣程,(02)23713161#658,jcfan@moea.gov.tw,經濟部公共工程優質獎評選及獎勵作業要點,114/09/03,115/09/02,經營字第11421427520號,114年度「公共工程優質獎」 
97282032,星能股份有限公司 (STAR ENERGY CORPORATION),臺北市內湖區瑞光路480號12樓,3.13,經濟部,臺北市中正區福州街15號,范竣程,(02)23713161#658,jcfan@moea.gov.tw,經濟部公共工程優質獎評選及獎勵作業要點,114/09/03,115/09/02,經營字第11421427520號,114年度「公共工程優質獎」 
03210607,利德工程股份有限公司,臺北市中正區館前路20號9樓,3.13,經濟部,臺北市中正區福州街15號,范竣程,(02)23713161#658,jcfan@moea.gov.tw,經濟部公共工程優質獎評選及獎勵作業要點,114/09/03,115/09/02,經營字第11421427520號,114年度「公共工程優質獎」 
86620818,盛河營造有限公司,高雄市三民區堅如路20號1樓,3.13,經濟部,臺北市中正區福州街15號,范竣程,(02)23713161#658,jcfan@moea.gov.tw,經濟部公共工程優質獎評選及獎勵作業要點,114/09/03,115/09/02,經營字第11421427520號,114年度「公共工程優質獎」 
25020313,鴻捷營造有限公司,雲林縣麥寮鄉麥豐村華興路13巷4號1樓,3.13,經濟部,臺北市中正區福州街15號,范竣程,(02)23713161#658,jcfan@moea.gov.tw,經濟部公共工程優質獎評選及獎勵作業要點,114/09/03,115/09/02,經營字第11421427520號,114年度「公共工程優質獎」 
85088245,瑩祐營造有限公司,臺東縣臺東市豐榮里柳州街227巷12號2樓,3.13,經濟部,臺北市中正區福州街15號,范竣程,(02)23713161#658,jcfan@moea.gov.tw,經濟部公共工程優質獎評選及獎勵作業要點,114/09/03,115/09/02,經營字第11421427520號,114年度「公共工程優質獎」 
28782878,宥穎工程有限公司,臺中市北區淡溝里臺灣大道二段360號7樓之2,3.13,經濟部,臺北市中正區福州街15號,范竣程,(02)23713161#658,jcfan@moea.gov.tw,經濟部公共工程優質獎評選及獎勵作業要點,114/09/03,115/09/02,經營字第11421427520號,114年度「公共工程優質獎」 
79994734,鑫豐營造有限公司,高雄市燕巢區瓊林里瓊林路101號1樓,3.13,經濟部,臺北市中正區福州街15號,范竣程,(02)23713161#658,jcfan@moea.gov.tw,經濟部公共工程優質獎評選及獎勵作業要點,114/09/03,115/09/02,經營字第11421427520號,114年度「公共工程優質獎」 
94750878,順風營造有限公司,花蓮縣花蓮市國裕里富吉路83號,3.13,經濟部,臺北市中正區福州街15號,范竣程,(02)23713161#658,jcfan@moea.gov.tw,經濟部公共工程優質獎評選及獎勵作業要點,114/09/03,115/09/02,經營字第11421427520號,114年度「公共工程優質獎」 
86083681,翔益營造有限公司,新北市蘆洲區民生街36號5樓,3.13,經濟部,臺北市中正區福州街15號,范竣程,(02)23713161#658,jcfan@moea.gov.tw,經濟部公共工程優質獎評選及獎勵作業要點,114/09/03,115/09/02,經營字第11421427520號,114年度「公共工程優質獎」 
55872697,"大將作工業股份有限公司 (TCT XENZO INDUSTRIES CO ., LTD.)",臺中市北區淡溝里臺灣大道二段360號22樓之1,3.13,經濟部,臺北市中正區福州街15號,范竣程,(02)23713161#658,jcfan@moea.gov.tw,經濟部公共工程優質獎評選及獎勵作業要點,114/09/03,115/09/02,經營字第11421427520號,114年度「公共工程優質獎」 
45103889,晉升營造有限公司,苗栗縣竹南鎮環市路一段49號1樓,3.13,經濟部,臺北市中正區福州街15號,范竣程,(02)23713161#658,jcfan@moea.gov.tw,經濟部公共工程優質獎評選及獎勵作業要點,114/09/03,115/09/02,經營字第11421427520號,114年度「公共工程優質獎」 
